,age,job,marital,education,balance,housing,loan,duration,campaign,pdays,poutcome,y
34,0.7602336055857047,0.3554443081226437,-0.7113153092176254,1.0275138345747108,-0.018968352491840396,1.2074871212269696,0.4380235005406424,0.4101985734846424,0.10555803772369063,-0.4362830472076689,-0.43215642701923274,2.0
38,-0.8751880092490772,-0.7733081045009714,-0.7113153092176254,-0.3197399545655443,0.984671376358944,-0.8261753987342423,0.4380235005406424,2.0671385849649666,-0.6216195554839554,2.6747519678061273,1.0563823771581247,1.0
54,0.005636772385393636,-0.3970573002930997,-0.7113153092176254,-0.3197399545655443,0.35126319192867117,-0.8261753987342423,0.4380235005406424,0.07961686803114701,0.10555803772369063,-0.4362830472076689,-0.43215642701923274,2.0
65,0.9646613074400525,-0.3970573002930997,2.107103840512589,-0.3197399545655443,-0.4694910752204147,-0.8261753987342423,0.4380235005406424,-0.4767279533418087,-0.6216195554839554,1.1146994238341945,1.0563823771581247,2.0
89,0.005636772385393636,-0.3970573002930997,-0.7113153092176254,-0.3197399545655443,0.20257582469151791,-0.8261753987342423,0.4380235005406424,-0.19855554265533082,-0.25803075888013244,-0.4362830472076689,-0.43215642701923274,2.0
90,-0.26190490368603403,-0.3970573002930997,-0.7113153092176254,-1.6669937437057996,-0.43677985442824097,1.2074871212269696,0.4380235005406424,-0.20661851108102583,-0.25803075888013244,-0.4362830472076689,-0.43215642701923274,2.0
94,1.5779444130030957,-0.3970573002930997,-0.7113153092176254,-0.3197399545655443,0.07693499937612344,1.2074871212269696,0.4380235005406424,-0.08567398469560068,0.8327356309313367,-0.4362830472076689,-0.43215642701923274,2.0
101,-0.36411875461320786,-0.7733081045009714,0.6978942656474816,1.0275138345747108,-0.29478341871675967,-0.8261753987342423,0.4380235005406424,1.212463931841296,-0.6216195554839554,2.901503791057862,1.0563823771581247,1.0
103,1.5779444130030957,-1.1495589087088431,0.6978942656474816,-1.6669937437057996,0.9259398663002685,-0.8261753987342423,0.4380235005406424,-0.7549003640282865,-0.25803075888013244,-0.4362830472076689,-0.43215642701923274,2.0
111,1.6801582639302697,-0.7733081045009714,-0.7113153092176254,1.0275138345747108,0.08585624141035264,-0.8261753987342423,0.4380235005406424,-0.9887264483734418,0.8327356309313367,-0.4362830472076689,-0.43215642701923274,2.0
120,-1.079615711103425,1.1079459165383871,2.107103840512589,-0.3197399545655443,-0.4077858178169961,-0.8261753987342423,0.4380235005406424,1.3535658792909586,-0.6216195554839554,-0.4362830472076689,-0.43215642701923274,1.0
134,-1.4884711148121206,0.3554443081226437,0.6978942656474816,-0.3197399545655443,-0.1921891353231239,-0.8261753987342423,0.4380235005406424,0.2610336576092847,-0.25803075888013244,-0.4362830472076689,-0.43215642701923274,2.0
145,0.005636772385393636,-0.7733081045009714,-0.7113153092176254,1.0275138345747108,-0.4720931041470649,1.2074871212269696,-2.277722202811339,1.3535658792909586,-0.25803075888013244,-0.4362830472076689,-0.43215642701923274,1.0
162,-0.05747720183168627,1.1079459165383871,0.6978942656474816,-0.3197399545655443,-0.573200513868329,1.2074871212269696,-2.277722202811339,-0.8758448904137116,0.10555803772369063,-0.4362830472076689,-0.43215642701923274,2.0
168,0.6580197546585308,0.3554443081226437,-0.7113153092176254,1.0275138345747108,-0.46651732787567163,1.2074871212269696,0.4380235005406424,0.05028386974865332,-0.6216195554839554,-0.4362830472076689,-0.43215642701923274,2.0
188,-0.5685464564675556,0.3554443081226437,,-0.3197399545655443,-0.4694910752204147,-0.8261753987342423,0.4380235005406424,-0.40416123751055355,-0.25803075888013244,2.7201023324564746,1.0563823771581247,2.0
193,-0.5685464564675556,-1.1495589087088431,-0.7113153092176254,-0.3197399545655443,0.25833358740545037,1.2074871212269696,0.4380235005406424,-0.8234355956466941,-0.25803075888013244,-0.4362830472076689,-0.43215642701923274,2.0
197,-0.36411875461320786,-1.1495589087088431,-0.7113153092176254,-0.3197399545655443,-0.4776688804184581,1.2074871212269696,-2.277722202811339,-0.40416123751055355,-0.25803075888013244,-0.4362830472076689,-0.43215642701923274,2.0
205,0.35137820187700924,0.3554443081226437,,1.0275138345747108,-0.055489597799913325,-0.8261753987342423,0.4380235005406424,-0.45657053227757116,-0.25803075888013244,-0.4362830472076689,-0.43215642701923274,2.0
218,0.7602336055857047,-0.3970573002930997,,-1.6669937437057996,-0.4650304542033001,-0.8261753987342423,-2.277722202811339,2.3453109956514444,2.650679613950452,-0.4362830472076689,-0.43215642701923274,1.0
251,-0.9774018601762511,-0.7733081045009714,-0.7113153092176254,1.0275138345747108,0.39512596526363136,1.2074871212269696,0.4380235005406424,-0.4767279533418087,0.8327356309313367,-0.4362830472076689,-0.43215642701923274,2.0
259,-1.2840434129577727,-0.3970573002930997,,-0.3197399545655443,-0.29887232131578134,1.2074871212269696,-2.277722202811339,3.405591343630338,0.10555803772369063,-0.4362830472076689,-0.43215642701923274,1.0
276,0.005636772385393636,1.8604475249541306,-0.7113153092176254,1.0275138345747108,3.692268333747504,1.2074871212269696,0.4380235005406424,1.8010606269170315,-0.25803075888013244,0.2893227871978813,1.0563823771581247,1.0
294,0.555805903731357,-0.7733081045009714,-0.7113153092176254,1.0275138345747108,0.8902548981633517,1.2074871212269696,0.4380235005406424,-0.6097669323657763,-0.25803075888013244,-0.4362830472076689,-0.43215642701923274,2.0
317,0.8624474565128786,1.1079459165383871,-0.7113153092176254,-1.6669937437057996,-0.3754463154429153,1.2074871212269696,-2.277722202811339,1.5672345425718763,1.1963244275351599,-0.4362830472076689,-0.43215642701923274,1.0
337,-0.8751880092490772,-0.7733081045009714,0.6978942656474816,1.0275138345747108,-0.4256283018854545,-0.8261753987342423,0.4380235005406424,-0.9846949641605943,-0.6216195554839554,1.8765855499600224,1.0563823771581247,2.0
344,-0.46633260554038175,-0.7733081045009714,0.6978942656474816,2.374767623714966,-0.4579678042595353,-0.8261753987342423,0.4380235005406424,1.220526900266991,-0.6216195554839554,-0.4362830472076689,-0.43215642701923274,1.0
365,-1.897326518520816,1.4841967207462587,0.6978942656474816,-0.3197399545655443,-0.44904656222530615,1.2074871212269696,0.4380235005406424,0.05945944696690949,-0.6216195554839554,-0.4362830472076689,-0.43215642701923274,2.0
373,0.9646613074400525,0.3554443081226437,-0.7113153092176254,-0.3197399545655443,-0.6189218792937536,-0.8261753987342423,0.4380235005406424,0.035270541689824464,-0.6216195554839554,-0.4362830472076689,-0.43215642701923274,2.0
381,-0.26190490368603403,-0.3970573002930997,-0.7113153092176254,-1.6669937437057996,-0.33864619205171986,-0.8261753987342423,0.4380235005406424,-0.7065225534741164,-0.6216195554839554,-0.4362830472076689,-0.43215642701923274,2.0
382,1.7823721148574434,2.236698329162002,-0.7113153092176254,1.0275138345747108,3.1187068146301855,1.2074871212269696,0.4380235005406424,-0.07357953205705817,-0.25803075888013244,-0.4362830472076689,-0.43215642701923274,2.0
383,-0.46633260554038175,-1.1495589087088431,-0.7113153092176254,-0.3197399545655443,0.015601460390797732,-0.8261753987342423,0.4380235005406424,0.05028386974865332,-0.25803075888013244,2.6656818948760583,1.0563823771581247,2.0
394,-0.8751880092490772,-0.3970573002930997,-0.7113153092176254,-0.3197399545655443,-0.46205670685855704,-0.8261753987342423,0.4380235005406424,0.3215059208019973,-0.25803075888013244,2.8198731346872377,1.0563823771581247,2.0
411,0.005636772385393636,-0.3970573002930997,0.6978942656474816,-0.3197399545655443,-0.40890097307127476,1.2074871212269696,0.4380235005406424,0.3618207629304724,-0.6216195554839554,-0.4362830472076689,-0.43215642701923274,2.0
416,-1.079615711103425,-1.1495589087088431,0.6978942656474816,-0.3197399545655443,-0.4680042015480432,1.2074871212269696,0.4380235005406424,0.26909662603497975,-0.25803075888013244,-0.4362830472076689,-0.43215642701923274,2.0
419,0.4535920528041831,0.3554443081226437,-0.7113153092176254,-0.3197399545655443,0.013371149882240434,-0.8261753987342423,-2.277722202811339,1.0552360475402431,-0.6216195554839554,-0.4362830472076689,-0.43215642701923274,1.0
446,-1.079615711103425,0.3554443081226437,-0.7113153092176254,-0.3197399545655443,0.4003300231169317,-0.8261753987342423,0.4380235005406424,-0.021170237290040608,-0.6216195554839554,-0.4362830472076689,-0.43215642701923274,2.0
492,0.005636772385393636,1.1079459165383871,-0.7113153092176254,-0.3197399545655443,0.18956568005826702,1.2074871212269696,0.4380235005406424,0.17234100492663962,-0.6216195554839554,0.3981636623587138,4.03345998551284,2.0
494,0.24916435094983536,0.3554443081226437,0.6978942656474816,-0.3197399545655443,-0.38734130482188756,-0.8261753987342423,0.4380235005406424,5.977678271427046,0.4691468343275137,-0.4362830472076689,-0.43215642701923274,1.0
502,-1.079615711103425,-0.7733081045009714,-0.7113153092176254,1.0275138345747108,-0.47320825940134353,1.2074871212269696,0.4380235005406424,-0.5734835744501487,0.8327356309313367,-0.4362830472076689,-0.43215642701923274,2.0
504,-0.05747720183168627,-0.7733081045009714,-0.7113153092176254,1.0275138345747108,0.9612531160190924,1.2074871212269696,0.4380235005406424,-0.08567398469560068,-0.6216195554839554,-0.4362830472076689,-0.43215642701923274,2.0
505,-1.079615711103425,-1.525809712916715,-0.7113153092176254,-0.3197399545655443,-0.3680119470810576,-0.8261753987342423,0.4380235005406424,0.5069541945929825,0.10555803772369063,-0.4362830472076689,-0.43215642701923274,2.0
513,0.6580197546585308,-0.7733081045009714,2.107103840512589,1.0275138345747108,-0.47134966731087913,-0.8261753987342423,0.4380235005406424,-0.6581447429199464,-0.25803075888013244,-0.4362830472076689,-0.43215642701923274,2.0
515,0.35137820187700924,-1.525809712916715,2.107103840512589,-1.6669937437057996,-0.1966497563402385,1.2074871212269696,0.4380235005406424,-0.6017039639400813,-0.6216195554839554,2.520560727994948,1.0563823771581247,2.0
522,0.14695050002266147,1.1079459165383871,2.107103840512589,-0.3197399545655443,-0.20371240628400328,-0.8261753987342423,0.4380235005406424,1.3414714266524161,0.4691468343275137,1.3051709553656516,1.0563823771581247,1.0
531,1.6801582639302697,-0.7733081045009714,-0.7113153092176254,-1.6669937437057996,-0.4497899990614919,-0.8261753987342423,0.4380235005406424,-0.799246690369609,0.4691468343275137,-0.4362830472076689,-0.43215642701923274,2.0
557,0.14695050002266147,-0.7733081045009714,0.6978942656474816,1.0275138345747108,-0.42823033081210465,1.2074871212269696,0.4380235005406424,1.0028267527732257,-0.25803075888013244,-0.4362830472076689,-0.43215642701923274,1.0
590,0.35137820187700924,-0.020806496085228006,-0.7113153092176254,1.0275138345747108,-0.3538866471935281,1.2074871212269696,0.4380235005406424,-0.6662077113456414,-0.25803075888013244,-0.4362830472076689,-0.43215642701923274,2.0
591,-0.26190490368603403,0.3554443081226437,-0.7113153092176254,-0.3197399545655443,-0.4230262729588043,1.2074871212269696,-2.277722202811339,0.6158042683398651,-0.6216195554839554,-0.4362830472076689,-0.43215642701923274,1.0
606,-1.3862572638849466,-0.3970573002930997,-0.7113153092176254,-0.3197399545655443,-0.4735799778194364,-0.8261753987342423,0.4380235005406424,-0.005044300438650588,-0.6216195554839554,-0.4362830472076689,-0.43215642701923274,2.0
613,-0.05747720183168627,-0.020806496085228006,-0.7113153092176254,1.0275138345747108,-0.392173644257095,1.2074871212269696,0.4380235005406424,0.4021356050589474,-0.25803075888013244,-0.4362830472076689,-0.43215642701923274,2.0
614,-0.26190490368603403,0.3554443081226437,-0.7113153092176254,1.0275138345747108,-0.046475515430713744,-0.8261753987342423,0.4380235005406424,-0.06551656363136316,-0.6216195554839554,2.620331530225711,1.0563823771581247,2.0
624,-1.079615711103425,-0.020806496085228006,-0.7113153092176254,1.0275138345747108,-0.05651191271922159,1.2074871212269696,0.4380235005406424,-0.31546858482790846,-0.25803075888013244,-0.4362830472076689,-0.43215642701923274,2.0
635,-0.8751880092490772,-0.7733081045009714,2.107103840512589,1.0275138345747108,-0.46763248312995026,1.2074871212269696,-2.277722202811339,-0.3920667848720111,-0.6216195554839554,-0.4362830472076689,-0.43215642701923274,2.0
636,-0.05747720183168627,-0.3970573002930997,2.107103840512589,-1.6669937437057996,0.33788132887732736,-0.8261753987342423,0.4380235005406424,-0.16630366895255078,0.8327356309313367,-0.4362830472076689,-0.43215642701923274,2.0
641,1.4757305620759218,2.236698329162002,-0.7113153092176254,2.374767623714966,-0.055489597799913325,1.2074871212269696,0.4380235005406424,0.8818822263878004,-0.25803075888013244,-0.4362830472076689,-0.43215642701923274,1.0
647,0.4535920528041831,-0.7733081045009714,2.107103840512589,1.0275138345747108,1.852262164187733,-0.8261753987342423,0.4380235005406424,-0.013107268864345599,0.10555803772369063,0.5886351938901707,1.0563823771581247,2.0
655,1.7823721148574434,2.236698329162002,-0.7113153092176254,-1.6669937437057996,-0.055489597799913325,-0.8261753987342423,0.4380235005406424,-0.5976724797272338,1.559913224138983,-0.4362830472076689,-0.43215642701923274,2.0
673,-0.8751880092490772,-0.7733081045009714,-0.7113153092176254,1.0275138345747108,-0.408157536235089,-0.8261753987342423,0.4380235005406424,-0.6178299007914714,0.4691468343275137,-0.4362830472076689,-0.43215642701923274,2.0
675,-0.46633260554038175,0.3554443081226437,-0.7113153092176254,-0.3197399545655443,-0.4542506200786065,-0.8261753987342423,0.4380235005406424,-0.05342211099282065,0.4691468343275137,2.0942673002816874,2.544921181335482,2.0
679,0.24916435094983536,1.8604475249541306,-0.7113153092176254,-1.6669937437057996,-0.33827447363362695,1.2074871212269696,0.4380235005406424,-0.1743666373782458,0.10555803772369063,-0.4362830472076689,-0.43215642701923274,2.0
684,-1.3862572638849466,-1.1495589087088431,0.6978942656474816,-0.3197399545655443,-0.41559190459694667,1.2074871212269696,0.4380235005406424,0.3819781839947099,0.10555803772369063,0.8425972359321133,4.03345998551284,2.0
694,0.7602336055857047,-0.7733081045009714,-0.7113153092176254,1.0275138345747108,-0.4248848650492687,1.2074871212269696,0.4380235005406424,-0.08567398469560068,-0.25803075888013244,-0.4362830472076689,-0.43215642701923274,2.0
695,0.9646613074400525,2.236698329162002,-0.7113153092176254,-0.3197399545655443,-0.4650304542033001,1.2074871212269696,-2.277722202811339,-0.5210742796831312,0.4691468343275137,-0.4362830472076689,-0.43215642701923274,2.0
706,-0.8751880092490772,0.3554443081226437,0.6978942656474816,1.0275138345747108,-0.4323192334111264,1.2074871212269696,0.4380235005406424,0.04736499432836697,-0.6216195554839554,-0.4362830472076689,-0.43215642701923274,2.0
730,-0.36411875461320786,-0.020806496085228006,0.6978942656474816,-0.3197399545655443,-0.05205129170210699,-0.8261753987342423,0.4380235005406424,-0.6500817744942514,-0.25803075888013244,-0.4362830472076689,-0.43215642701923274,2.0
735,-1.181829562030599,-1.1495589087088431,0.6978942656474816,-0.3197399545655443,-0.2676479741959792,1.2074871212269696,0.4380235005406424,-0.5734835744501487,-0.6216195554839554,-0.4362830472076689,-0.43215642701923274,2.0
749,0.14695050002266147,-0.3970573002930997,2.107103840512589,-1.6669937437057996,-0.4598263963499997,-0.8261753987342423,0.4380235005406424,-0.6137984165786239,-0.6216195554839554,-0.4362830472076689,-0.43215642701923274,2.0
766,1.5779444130030957,-0.7733081045009714,-0.7113153092176254,-1.6669937437057996,-0.4215393992864328,-0.8261753987342423,0.4380235005406424,-0.1017999215469907,0.4691468343275137,-0.4362830472076689,-0.43215642701923274,2.0
769,1.0668751583672262,-0.7733081045009714,-0.7113153092176254,1.0275138345747108,0.2445800059360137,-0.8261753987342423,0.4380235005406424,-0.05745359520566815,0.10555803772369063,2.5024205821348096,1.0563823771581247,2.0
795,-1.181829562030599,-0.7733081045009714,0.6978942656474816,1.0275138345747108,-0.41782221510550394,-0.8261753987342423,0.4380235005406424,-0.2670907742737384,0.4691468343275137,-0.4362830472076689,-0.43215642701923274,2.0
803,1.5779444130030957,1.8604475249541306,0.6978942656474816,-0.3197399545655443,-0.3836241206409587,1.2074871212269696,0.4380235005406424,1.708336490021539,-0.6216195554839554,-0.4362830472076689,-0.43215642701923274,1.0
813,-1.079615711103425,-0.7733081045009714,-0.7113153092176254,-0.3197399545655443,-0.3048198160052675,-0.8261753987342423,0.4380235005406424,-0.35578342695638354,-0.6216195554839554,-0.4362830472076689,-0.43215642701923274,2.0
822,-0.15969105275886014,-0.020806496085228006,-0.7113153092176254,1.0275138345747108,4.602978458075068,1.2074871212269696,0.4380235005406424,-0.46060201649041865,-0.6216195554839554,0.8063169442118358,2.544921181335482,2.0
830,0.04473664909548761,-0.7733081045009714,0.6978942656474816,1.0275138345747108,-0.055489597799913325,1.2074871212269696,0.4380235005406424,-0.6178299007914714,-0.6216195554839554,-0.4362830472076689,-0.43215642701923274,2.0
831,0.555805903731357,-0.3970573002930997,-0.7113153092176254,-0.3197399545655443,0.26390936367684364,1.2074871212269696,0.4380235005406424,0.05028386974865332,-0.25803075888013244,-0.4362830472076689,-0.43215642701923274,2.0
837,-0.26190490368603403,-1.1495589087088431,0.6978942656474816,-0.3197399545655443,-0.19330429057740256,-0.8261753987342423,0.4380235005406424,1.6720531321059116,0.10555803772369063,2.810803061757168,2.544921181335482,1.0
860,1.6801582639302697,-0.3970573002930997,-0.7113153092176254,-1.6669937437057996,-0.4635435805309286,1.2074871212269696,0.4380235005406424,-0.38803530065916353,-0.25803075888013244,-0.4362830472076689,-0.43215642701923274,2.0
868,0.005636772385393636,0.3554443081226437,-0.7113153092176254,-0.3197399545655443,-0.4256283018854545,-0.8261753987342423,0.4380235005406424,0.18846694177802964,-0.25803075888013244,-0.4362830472076689,-0.43215642701923274,2.0
877,-1.181829562030599,-0.7733081045009714,0.6978942656474816,1.0275138345747108,6.71768453860548,1.2074871212269696,0.4380235005406424,0.023176089051281948,-0.25803075888013244,-0.4362830472076689,-0.43215642701923274,2.0
883,0.35137820187700924,0.7316951123305154,-0.7113153092176254,-1.6669937437057996,-0.45648093058716377,-0.8261753987342423,0.4380235005406424,-0.5372002165345212,0.10555803772369063,2.9377840827781396,1.0563823771581247,2.0
892,-1.4884711148121206,1.4841967207462587,0.6978942656474816,1.0275138345747108,1.4887215512928935,1.2074871212269696,0.4380235005406424,-0.24290186899665336,-0.25803075888013244,0.40723373528878315,1.0563823771581247,2.0
902,1.6801582639302697,0.3554443081226437,0.6978942656474816,-0.3197399545655443,-0.4598263963499997,1.2074871212269696,-2.277722202811339,1.5752975109975713,-0.25803075888013244,-0.4362830472076689,-0.43215642701923274,1.0
935,0.4535920528041831,-0.3970573002930997,-0.7113153092176254,-1.6669937437057996,-0.3687553839172434,1.2074871212269696,0.4380235005406424,0.09977428909538454,-0.25803075888013244,-0.4362830472076689,-0.43215642701923274,2.0
951,1.373516711148748,-0.7733081045009714,-0.7113153092176254,1.0275138345747108,-0.11412826752361846,1.2074871212269696,-2.277722202811339,-0.5210742796831312,-0.6216195554839554,-0.4362830472076689,-0.43215642701923274,2.0
967,0.005636772385393636,-0.3970573002930997,-0.7113153092176254,-0.3197399545655443,1.9050461795569225,,-2.277722202811339,-0.4364131112133336,-0.6216195554839554,1.9854264251208549,1.0563823771581247,2.0
977,0.24916435094983536,-0.020806496085228006,-0.7113153092176254,1.0275138345747108,-0.42823033081210465,1.2074871212269696,0.4380235005406424,-0.6702391955584889,0.4691468343275137,-0.4362830472076689,-0.43215642701923274,2.0
993,-1.079615711103425,1.1079459165383871,-0.7113153092176254,-0.3197399545655443,-0.3613210155553857,-0.8261753987342423,0.4380235005406424,0.10783725752107955,-0.6216195554839554,-0.4362830472076689,-0.43215642701923274,2.0
994,1.7823721148574434,1.8604475249541306,-0.7113153092176254,-1.6669937437057996,-0.055489597799913325,1.2074871212269696,0.4380235005406424,-0.7105540376869639,3.014268410554275,-0.4362830472076689,-0.43215642701923274,2.0
999,-2.2039680713023375,1.4841967207462587,0.6978942656474816,-0.3197399545655443,-0.369870539171522,1.2074871212269696,0.4380235005406424,-0.3235315532536035,0.8327356309313367,2.9377840827781396,1.0563823771581247,2.0
1001,-1.079615711103425,0.3554443081226437,0.6978942656474816,1.0275138345747108,-0.3152279317118682,-0.8261753987342423,0.4380235005406424,-0.4928538901931987,-0.25803075888013244,-0.4362830472076689,-0.43215642701923274,2.0
1004,0.005636772385393636,-0.3970573002930997,-0.7113153092176254,-0.3197399545655443,-0.4691193568023218,-0.8261753987342423,-2.277722202811339,-0.0937369531212957,0.10555803772369063,-0.4362830472076689,-0.43215642701923274,2.0
1024,-0.5685464564675556,-0.3970573002930997,-0.7113153092176254,-0.3197399545655443,0.3980997126083744,-0.8261753987342423,0.4380235005406424,-0.0977684373341432,-0.25803075888013244,-0.4362830472076689,-0.43215642701923274,2.0
1032,0.4535920528041831,-0.7733081045009714,0.6978942656474816,-1.6669937437057996,-0.2780560899025799,1.2074871212269696,0.4380235005406424,-0.5412317007473687,0.10555803772369063,-0.4362830472076689,-0.43215642701923274,2.0
1052,-1.181829562030599,1.1079459165383871,-0.7113153092176254,-0.3197399545655443,-0.4739516962375293,-0.8261753987342423,0.4380235005406424,-0.38400381644631604,-0.6216195554839554,-0.4362830472076689,-0.43215642701923274,2.0
1066,-0.36411875461320786,0.3554443081226437,-0.7113153092176254,-0.3197399545655443,-0.45053343589767764,1.2074871212269696,0.4380235005406424,0.02720757326412945,0.10555803772369063,-0.4362830472076689,-0.43215642701923274,2.0
1067,0.24916435094983536,-0.7733081045009714,-0.7113153092176254,-0.3197399545655443,2.5930969714468493,-0.8261753987342423,0.4380235005406424,-0.20661851108102583,4.83221239357339,-0.4362830472076689,-0.43215642701923274,2.0
1069,0.35137820187700924,0.3554443081226437,0.6978942656474816,2.374767623714966,-0.21114677464586096,-0.8261753987342423,-2.277722202811339,-0.8032781745824565,-0.6216195554839554,1.1328395696943334,1.0563823771581247,2.0
1096,0.4535920528041831,0.3554443081226437,-0.7113153092176254,1.0275138345747108,-0.39737770211039536,-0.8261753987342423,0.4380235005406424,-0.4485075638518761,-0.6216195554839554,2.711032259526405,2.544921181335482,2.0
1098,-0.46633260554038175,0.3554443081226437,0.6978942656474816,-0.3197399545655443,-0.055489597799913325,,0.4380235005406424,-0.7387744271768965,-0.25803075888013244,-0.4362830472076689,-0.43215642701923274,2.0
1101,-1.3862572638849466,-0.7733081045009714,-0.7113153092176254,1.0275138345747108,-0.4230262729588043,-0.8261753987342423,0.4380235005406424,-0.44044459542618114,-0.6216195554839554,-0.4362830472076689,-0.43215642701923274,2.0
1104,-0.46633260554038175,-0.3970573002930997,0.6978942656474816,-1.6669937437057996,-0.1617082250395075,-0.8261753987342423,0.4380235005406424,-0.4081927217234011,-0.6216195554839554,2.7654526971068214,1.0563823771581247,2.0
1109,1.7823721148574434,0.3554443081226437,-0.7113153092176254,-0.3197399545655443,-0.4776688804184581,1.2074871212269696,0.4380235005406424,0.05028386974865332,-0.25803075888013244,3.001274593288625,1.0563823771581247,2.0
1110,0.8624474565128786,-0.3970573002930997,2.107103840512589,-1.6669937437057996,-0.4784123172546439,1.2074871212269696,-2.277722202811339,0.470670836677355,1.1963244275351599,-0.4362830472076689,-0.43215642701923274,2.0
1155,-0.9774018601762511,0.3554443081226437,0.6978942656474816,1.0275138345747108,-0.3817655285504943,1.2074871212269696,0.4380235005406424,0.6238672367655602,0.4691468343275137,-0.4362830472076689,-0.43215642701923274,1.0
1181,0.005636772385393636,-1.1495589087088431,-0.7113153092176254,-0.3197399545655443,-0.4126181572522036,,0.4380235005406424,-0.40416123751055355,-0.6216195554839554,1.223540298995027,4.03345998551284,2.0
1189,0.005636772385393636,0.3554443081226437,0.6978942656474816,-0.3197399545655443,-0.47023451205660044,1.2074871212269696,0.4380235005406424,0.019144604838434442,-0.25803075888013244,-0.4362830472076689,-0.43215642701923274,2.0
1197,2.293441369493313,-0.7733081045009714,-0.7113153092176254,1.0275138345747108,-0.2256437929514834,1.2074871212269696,0.4380235005406424,-0.4726964691289612,0.10555803772369063,-0.4362830472076689,-0.43215642701923274,2.0
1210,1.8845859657846173,1.1079459165383871,2.107103840512589,-0.3197399545655443,-0.41336159408838935,-0.8261753987342423,0.4380235005406424,-0.045359142567125636,-0.6216195554839554,2.874293572267654,1.0563823771581247,2.0
1211,2.497869071347661,1.1079459165383871,0.6978942656474816,-0.3197399545655443,-0.04052802074122761,1.2074871212269696,0.4380235005406424,0.07961686803114701,0.4691468343275137,-0.4362830472076689,-0.43215642701923274,2.0
1217,0.24916435094983536,-0.3970573002930997,,-1.6669937437057996,-0.3773049075333797,-0.8261753987342423,-2.277722202811339,-0.6379873218557088,-0.6216195554839554,-0.4362830472076689,-0.43215642701923274,2.0
1221,-1.181829562030599,-0.020806496085228006,-0.7113153092176254,-0.3197399545655443,0.18064443802403782,-0.8261753987342423,0.4380235005406424,-0.37997233223346855,0.4691468343275137,-0.4362830472076689,-0.43215642701923274,2.0
1222,-1.4884711148121206,1.1079459165383871,0.6978942656474816,-0.3197399545655443,-0.47246482256515776,1.2074871212269696,-2.277722202811339,-0.30337413218936593,-0.6216195554839554,-0.4362830472076689,-0.43215642701923274,2.0
1223,0.7602336055857047,-0.7733081045009714,2.107103840512589,1.0275138345747108,-0.38994333374853773,-0.8261753987342423,-2.277722202811339,-0.7911837219439141,-0.6216195554839554,0.5070045375195463,2.544921181335482,2.0
1224,-1.4884711148121206,-1.1495589087088431,0.6978942656474816,-0.3197399545655443,-0.47023451205660044,-0.8261753987342423,0.4380235005406424,-0.3235315532536035,-0.25803075888013244,-0.4362830472076689,-0.43215642701923274,2.0
1229,-1.4884711148121206,-0.3970573002930997,,-1.6669937437057996,-0.5074063538658887,-0.8261753987342423,0.4380235005406424,0.5351745840829151,0.8327356309313367,-0.4362830472076689,-0.43215642701923274,2.0
1243,2.804510624129182,2.236698329162002,-0.7113153092176254,-1.6669937437057996,-0.2628156347607717,1.2074871212269696,0.4380235005406424,-0.08970546890844819,-0.6216195554839554,-0.4362830472076689,-0.43215642701923274,2.0
1245,0.35137820187700924,1.1079459165383871,0.6978942656474816,-0.3197399545655443,-0.055489597799913325,-0.8261753987342423,0.4380235005406424,-0.8637504377751691,-0.6216195554839554,-0.4362830472076689,-0.43215642701923274,2.0
1250,-0.8751880092490772,-0.7733081045009714,2.107103840512589,-0.3197399545655443,0.22710924028564822,-0.8261753987342423,-2.277722202811339,-0.22274444793241585,-0.6216195554839554,-0.4362830472076689,-0.43215642701923274,2.0
1260,-0.8751880092490772,-1.1495589087088431,0.6978942656474816,-0.3197399545655443,-0.49885683024975247,1.2074871212269696,-2.277722202811339,-0.5372002165345212,0.8327356309313367,-0.4362830472076689,-0.43215642701923274,2.0
1261,-1.181829562030599,-0.3970573002930997,-0.7113153092176254,-1.6669937437057996,-0.4776688804184581,-0.8261753987342423,-2.277722202811339,-0.6944281008355739,-0.25803075888013244,-0.4362830472076689,-0.43215642701923274,2.0
1262,0.14695050002266147,-0.3970573002930997,-0.7113153092176254,-1.6669937437057996,-0.5144690038096535,-0.8261753987342423,-2.277722202811339,-0.5654206060244538,-0.25803075888013244,2.565911092645295,2.544921181335482,2.0
1287,-1.079615711103425,-0.7733081045009714,-0.7113153092176254,1.0275138345747108,-0.38027865487812273,-0.8261753987342423,0.4380235005406424,0.11186874173392705,0.4691468343275137,-0.4362830472076689,-0.43215642701923274,2.0
1295,0.005636772385393636,-0.7733081045009714,0.6978942656474816,1.0275138345747108,-0.4141050309245751,1.2074871212269696,0.4380235005406424,-0.7468373956025914,-0.25803075888013244,-0.4362830472076689,-0.43215642701923274,2.0
1302,0.4535920528041831,-0.3970573002930997,-0.7113153092176254,-0.3197399545655443,-0.29441170029866676,-0.8261753987342423,0.4380235005406424,1.9018477322382192,-0.6216195554839554,-0.4362830472076689,-0.43215642701923274,1.0
1312,3.9288629843280947,2.236698329162002,-0.7113153092176254,-0.3197399545655443,-0.1680274381470865,1.2074871212269696,0.4380235005406424,0.05028386974865332,-0.6216195554839554,0.15327169324684062,1.0563823771581247,2.0
1334,-0.9774018601762511,-0.7733081045009714,0.6978942656474816,1.0275138345747108,-0.3624361708096644,1.2074871212269696,0.4380235005406424,2.0348867112621867,-0.25803075888013244,-0.4362830472076689,-0.43215642701923274,1.0
1341,-1.079615711103425,-1.1495589087088431,-0.7113153092176254,-0.3197399545655443,-0.3245208921641903,-0.8261753987342423,0.4380235005406424,-0.7549003640282865,-0.6216195554839554,-0.4362830472076689,-0.43215642701923274,2.0
1343,0.555805903731357,0.3554443081226437,-0.7113153092176254,-0.3197399545655443,-0.019711789328026162,-0.8261753987342423,0.4380235005406424,-0.6500817744942514,-0.6216195554839554,0.4797943187293382,2.544921181335482,2.0
1346,0.005636772385393636,1.1079459165383871,-0.7113153092176254,-0.3197399545655443,0.07916530988468073,-0.8261753987342423,0.4380235005406424,-0.2670907742737384,-0.6216195554839554,2.538700873855087,1.0563823771581247,2.0
1347,-1.2840434129577727,-0.020806496085228006,-0.7113153092176254,1.0275138345747108,-0.1988800668487958,-0.8261753987342423,0.4380235005406424,-0.5291372481088262,-0.25803075888013244,-0.4362830472076689,-0.43215642701923274,2.0
1358,-0.05747720183168627,0.3554443081226437,-0.7113153092176254,-0.3197399545655443,-0.055489597799913325,1.2074871212269696,0.4380235005406424,-0.6097669323657763,-0.6216195554839554,-0.4362830472076689,-0.43215642701923274,2.0
1364,0.005636772385393636,-0.7733081045009714,-0.7113153092176254,1.0275138345747108,-0.4051837888903459,-0.8261753987342423,0.4380235005406424,-0.742805911389744,0.10555803772369063,-0.4362830472076689,-0.43215642701923274,2.0
1366,-0.5685464564675556,-0.7733081045009714,-0.7113153092176254,1.0275138345747108,-0.5880692505920444,-0.8261753987342423,0.4380235005406424,-0.5613891218116063,0.10555803772369063,-0.4362830472076689,-0.43215642701923274,2.0
1373,1.4757305620759218,-0.3970573002930997,-0.7113153092176254,-1.6669937437057996,-0.3371593183793483,1.2074871212269696,0.4380235005406424,-0.7831207535182191,0.8327356309313367,-0.4362830472076689,-0.43215642701923274,2.0
1382,0.005636772385393636,1.1079459165383871,,-0.3197399545655443,-0.366896791826779,-0.8261753987342423,0.4380235005406424,-0.1743666373782458,-0.6216195554839554,2.4842804362746707,1.0563823771581247,2.0
1406,0.24916435094983536,1.1079459165383871,0.6978942656474816,-0.3197399545655443,0.4601766884298859,1.2074871212269696,0.4380235005406424,-0.686365132409879,-0.6216195554839554,-0.4362830472076689,-0.43215642701923274,2.0
1435,2.293441369493313,2.236698329162002,-0.7113153092176254,-0.3197399545655443,0.10704419124164698,1.2074871212269696,0.4380235005406424,0.19652991020372465,0.10555803772369063,-0.4362830472076689,-0.43215642701923274,2.0
1441,0.7602336055857047,2.236698329162002,-0.7113153092176254,2.374767623714966,-0.46651732787567163,1.2074871212269696,0.4380235005406424,2.163894206073307,-0.25803075888013244,-0.4362830472076689,-0.43215642701923274,1.0
1447,0.35137820187700924,1.1079459165383871,-0.7113153092176254,-0.3197399545655443,-0.2408842480932916,-0.8261753987342423,0.4380235005406424,-0.7145855218998115,2.287090817346629,-0.4362830472076689,-0.43215642701923274,2.0
1451,-1.2840434129577727,-1.1495589087088431,-0.7113153092176254,-0.3197399545655443,0.9151600321755748,1.2074871212269696,0.4380235005406424,0.05028386974865332,0.10555803772369063,-0.4362830472076689,-0.43215642701923274,2.0
1489,-1.4884711148121206,2.236698329162002,0.6978942656474816,1.0275138345747108,1.9087633637378514,1.2074871212269696,0.4380235005406424,-0.4243186585747911,0.4691468343275137,-0.4362830472076689,-0.43215642701923274,2.0
1498,0.9646613074400525,-0.3970573002930997,2.107103840512589,-1.6669937437057996,-0.16691228289280785,1.2074871212269696,0.4380235005406424,-0.8516559851366267,-0.25803075888013244,-0.4362830472076689,-0.43215642701923274,2.0
1500,-1.181829562030599,-1.1495589087088431,-0.7113153092176254,-0.3197399545655443,0.1698646038993442,,0.4380235005406424,-0.24290186899665336,0.4691468343275137,-0.4362830472076689,-0.43215642701923274,2.0
1514,-0.9774018601762511,0.3554443081226437,-0.7113153092176254,-0.3197399545655443,-0.41596362301503953,-0.8261753987342423,-2.277722202811339,-0.6984595850484214,0.10555803772369063,-0.4362830472076689,-0.43215642701923274,2.0
1517,0.005636772385393636,2.236698329162002,-0.7113153092176254,2.374767623714966,-0.47320825940134353,1.2074871212269696,0.4380235005406424,0.05028386974865332,-0.6216195554839554,-0.4362830472076689,-0.43215642701923274,2.0
1523,0.005636772385393636,0.3554443081226437,0.6978942656474816,-0.3197399545655443,0.33156211576974837,-0.8261753987342423,0.4380235005406424,-0.8516559851366267,-0.6216195554839554,-0.4362830472076689,-0.43215642701923274,2.0
1545,1.4757305620759218,1.1079459165383871,,-0.3197399545655443,-0.055489597799913325,-0.8261753987342423,0.4380235005406424,-0.39609826908485857,-0.25803075888013244,-0.4362830472076689,-0.43215642701923274,2.0
1555,0.005636772385393636,0.7316951123305154,-0.7113153092176254,1.0275138345747108,-0.3248926105822832,-0.8261753987342423,-2.277722202811339,-0.35578342695638354,-0.6216195554839554,-0.4362830472076689,-0.43215642701923274,2.0
1560,1.0668751583672262,-0.7733081045009714,-0.7113153092176254,1.0275138345747108,0.019690362989819445,-0.8261753987342423,0.4380235005406424,0.3658522471433199,0.8327356309313367,-0.4362830472076689,-0.43215642701923274,2.0
1563,1.373516711148748,0.7316951123305154,-0.7113153092176254,-0.3197399545655443,-0.4691193568023218,,0.4380235005406424,0.8173784789822404,3.7414460037619213,-0.4362830472076689,-0.43215642701923274,1.0
1565,0.35137820187700924,-1.525809712916715,2.107103840512589,-0.3197399545655443,-0.20742959046493212,-0.8261753987342423,-2.277722202811339,-0.5855780270886913,-0.6216195554839554,-0.4362830472076689,-0.43215642701923274,2.0
1585,0.04473664909548761,-0.3970573002930997,-0.7113153092176254,-0.3197399545655443,1.6180795607892169,,0.4380235005406424,0.7165913736610527,-0.25803075888013244,-0.4362830472076689,-0.43215642701923274,1.0
1597,0.005636772385393636,-0.020806496085228006,0.6978942656474816,1.0275138345747108,-0.15241526458718543,-0.8261753987342423,0.4380235005406424,0.05028386974865332,-0.25803075888013244,-0.4362830472076689,-0.43215642701923274,2.0
1604,0.7602336055857047,-0.7733081045009714,0.6978942656474816,1.0275138345747108,-0.42191111770452566,-0.8261753987342423,0.4380235005406424,0.05028386974865332,0.10555803772369063,-0.4362830472076689,-0.43215642701923274,2.0
1605,0.005636772385393636,-1.1495589087088431,-0.7113153092176254,-0.3197399545655443,-0.47878403567273675,-0.8261753987342423,-2.277722202811339,-0.4364131112133336,-0.25803075888013244,-0.4362830472076689,-0.43215642701923274,2.0
1615,0.005636772385393636,-0.7733081045009714,-0.7113153092176254,1.0275138345747108,-0.3230340184918188,-0.8261753987342423,0.4380235005406424,-0.46060201649041865,-0.6216195554839554,-0.4362830472076689,-0.43215642701923274,2.0
1629,0.04473664909548761,-0.3970573002930997,-0.7113153092176254,-0.3197399545655443,-0.47320825940134353,-0.8261753987342423,0.4380235005406424,0.1320261627981646,-0.6216195554839554,-0.4362830472076689,-0.43215642701923274,2.0
1630,-0.9774018601762511,-0.7733081045009714,2.107103840512589,1.0275138345747108,-0.4776688804184581,-0.8261753987342423,0.4380235005406424,0.5916153630627802,0.4691468343275137,-0.4362830472076689,-0.43215642701923274,2.0
1646,-0.36411875461320786,0.3554443081226437,0.6978942656474816,1.0275138345747108,0.36687536548857225,-0.8261753987342423,0.4380235005406424,-0.12195734261122823,-0.6216195554839554,-0.4362830472076689,-0.43215642701923274,2.0
1665,0.9646613074400525,-0.3970573002930997,-0.7113153092176254,-0.3197399545655443,0.35349350243722844,-0.8261753987342423,0.4380235005406424,1.4785418898892313,-0.6216195554839554,-0.4362830472076689,-0.43215642701923274,1.0
1671,0.005636772385393636,-0.3970573002930997,-0.7113153092176254,-1.6669937437057996,-0.24608830594659195,-0.8261753987342423,0.4380235005406424,-0.35981491116923103,-0.6216195554839554,-0.4362830472076689,-0.43215642701923274,2.0
1721,1.8845859657846173,2.236698329162002,-0.7113153092176254,-0.3197399545655443,-0.38065037329621565,1.2074871212269696,0.4380235005406424,0.5674264577856951,0.4691468343275137,-0.4362830472076689,-0.43215642701923274,2.0
1732,0.6580197546585308,-0.7733081045009714,-0.7113153092176254,-1.6669937437057996,-0.40704238098081036,-0.8261753987342423,0.4380235005406424,0.6480561420426452,-0.25803075888013244,-0.4362830472076689,-0.43215642701923274,1.0
1736,-0.15969105275886014,1.1079459165383871,0.6978942656474816,-0.3197399545655443,-0.4776688804184581,,0.4380235005406424,-0.12598882682407572,-0.6216195554839554,3.7540906464843835,4.03345998551284,2.0
1753,1.4757305620759218,-1.1495589087088431,-0.7113153092176254,-0.3197399545655443,-0.4471879701348417,1.2074871212269696,0.4380235005406424,-0.9121282483293391,3.014268410554275,-0.4362830472076689,-0.43215642701923274,2.0
1760,0.005636772385393636,0.3554443081226437,-0.7113153092176254,-0.3197399545655443,-0.055489597799913325,-0.8261753987342423,0.4380235005406424,1.0955508896687183,-0.6216195554839554,0.4435140270090607,4.03345998551284,1.0
1762,0.005636772385393636,-0.020806496085228006,0.6978942656474816,1.0275138345747108,-0.46168498844046413,1.2074871212269696,0.4380235005406424,0.2328132681193522,-0.25803075888013244,0.4435140270090607,2.544921181335482,2.0
1765,-0.9774018601762511,-0.3970573002930997,0.6978942656474816,-0.3197399545655443,-0.47729716200036526,1.2074871212269696,0.4380235005406424,-0.4364131112133336,-0.25803075888013244,-0.4362830472076689,-0.43215642701923274,2.0
1773,-0.46633260554038175,-1.525809712916715,-0.7113153092176254,2.374767623714966,1.2188539797574605,1.2074871212269696,0.4380235005406424,0.470670836677355,-0.6216195554839554,-0.4362830472076689,-0.43215642701923274,2.0
1787,-0.26190490368603403,-0.7733081045009714,-0.7113153092176254,1.0275138345747108,-0.055489597799913325,-0.8261753987342423,0.4380235005406424,-0.8314985640723891,-0.25803075888013244,-0.4362830472076689,-0.43215642701923274,2.0
1792,1.2713028602215741,-1.1495589087088431,-0.7113153092176254,-1.6669937437057996,-0.47506685149180794,-0.8261753987342423,0.4380235005406424,-0.44044459542618114,-0.6216195554839554,-0.4362830472076689,-0.43215642701923274,2.0
1795,0.005636772385393636,1.1079459165383871,0.6978942656474816,-0.3197399545655443,-0.3728442865162651,1.2074871212269696,0.4380235005406424,-0.9282541851807292,3.3778572071580983,-0.4362830472076689,-0.43215642701923274,2.0
1797,-1.079615711103425,0.3554443081226437,0.6978942656474816,-0.3197399545655443,-0.4315757965749406,1.2074871212269696,0.4380235005406424,-0.7024910692612689,-0.25803075888013244,-0.4362830472076689,-0.43215642701923274,2.0
1846,0.9646613074400525,-0.020806496085228006,-0.7113153092176254,-0.3197399545655443,-0.4427273491177271,-0.8261753987342423,0.4380235005406424,0.05028386974865332,0.4691468343275137,-0.4362830472076689,-0.43215642701923274,2.0
1858,0.005636772385393636,-0.3970573002930997,-0.7113153092176254,-0.3197399545655443,-0.24683174278277772,-0.8261753987342423,0.4380235005406424,-0.4323816270004861,-0.6216195554839554,-0.4362830472076689,-0.43215642701923274,2.0
1868,0.04473664909548761,-0.7733081045009714,-0.7113153092176254,-1.6669937437057996,-0.7304374047216187,-0.8261753987342423,-2.277722202811339,-0.37594084802062105,-0.6216195554839554,2.683822040736197,1.0563823771581247,2.0
1881,-0.5685464564675556,-0.7733081045009714,-0.7113153092176254,1.0275138345747108,9.691803601766638,-0.8261753987342423,0.4380235005406424,-0.7307114587512015,-0.25803075888013244,-0.4362830472076689,-0.43215642701923274,2.0
1900,-2.3061819222295115,1.4841967207462587,0.6978942656474816,2.374767623714966,-0.055489597799913325,1.2074871212269696,0.4380235005406424,-0.5210742796831312,0.10555803772369063,-0.4362830472076689,-0.43215642701923274,2.0
1908,0.24916435094983536,0.3554443081226437,0.6978942656474816,-0.3197399545655443,-0.48807699612505884,-0.8261753987342423,-2.277722202811339,-0.6137984165786239,0.10555803772369063,-0.4362830472076689,-0.43215642701923274,2.0
1924,0.24916435094983536,0.3554443081226437,2.107103840512589,-0.3197399545655443,-0.6003359583891096,-0.8261753987342423,0.4380235005406424,-0.327563037466451,-0.6216195554839554,-0.4362830472076689,-0.43215642701923274,2.0
1931,0.35137820187700924,-0.3970573002930997,-0.7113153092176254,-0.3197399545655443,1.1445102961388838,1.2074871212269696,-2.277722202811339,-0.8355300482852366,-0.25803075888013244,-0.4362830472076689,-0.43215642701923274,2.0
1948,-1.4884711148121206,0.3554443081226437,0.6978942656474816,1.0275138345747108,-0.33567244470697677,-0.8261753987342423,0.4380235005406424,-0.03326468992858312,-0.25803075888013244,-0.4362830472076689,-0.43215642701923274,2.0
1955,0.4535920528041831,-0.7733081045009714,2.107103840512589,1.0275138345747108,-0.535285235222855,-0.8261753987342423,-2.277722202811339,-0.5855780270886913,-0.25803075888013244,-0.4362830472076689,-0.43215642701923274,2.0
1962,-1.6928988166664682,-1.525809712916715,0.6978942656474816,1.0275138345747108,-0.35054118143069213,1.2074871212269696,0.4380235005406424,0.502922710380135,-0.6216195554839554,-0.4362830472076689,-0.43215642701923274,2.0
1973,1.7823721148574434,-0.3970573002930997,,2.374767623714966,-0.42637173872164025,1.2074871212269696,0.4380235005406424,-0.40012975329770606,-0.6216195554839554,-0.4362830472076689,-0.43215642701923274,2.0
1975,0.8624474565128786,1.1079459165383871,2.107103840512589,-0.3197399545655443,-0.0650614363353579,-0.8261753987342423,0.4380235005406424,-0.8153726272209991,-0.6216195554839554,-0.4362830472076689,-0.43215642701923274,2.0
1989,0.35137820187700924,-0.3970573002930997,-0.7113153092176254,-0.3197399545655443,0.6096074925032249,-0.8261753987342423,-2.277722202811339,0.9262285527291231,0.10555803772369063,0.6611957773307258,1.0563823771581247,1.0
1991,-0.46633260554038175,0.7316951123305154,2.107103840512589,1.0275138345747108,-0.45350718324242073,1.2074871212269696,0.4380235005406424,3.675700785891121,-0.25803075888013244,-0.4362830472076689,-0.43215642701923274,1.0
1997,0.005636772385393636,-0.3970573002930997,0.6978942656474816,-0.3197399545655443,-0.449418280643399,-0.8261753987342423,0.4380235005406424,-0.06551656363136316,-0.25803075888013244,-0.4362830472076689,-0.43215642701923274,2.0
2005,0.9646613074400525,-1.525809712916715,-0.7113153092176254,-0.3197399545655443,-0.4828729382717585,-0.8261753987342423,0.4380235005406424,0.43841896297457494,-0.6216195554839554,2.874293572267654,1.0563823771581247,2.0
2022,-0.8751880092490772,-0.7733081045009714,0.6978942656474816,1.0275138345747108,-0.3602058603011071,1.2074871212269696,0.4380235005406424,-0.025201721502888113,-0.25803075888013244,-0.4362830472076689,-0.43215642701923274,2.0
2038,-0.8751880092490772,-0.3970573002930997,0.6978942656474816,-0.3197399545655443,1.4314769149065896,-0.8261753987342423,0.4380235005406424,-0.5210742796831312,-0.6216195554839554,-0.4362830472076689,-0.43215642701923274,2.0
2039,0.14695050002266147,-0.7733081045009714,-0.7113153092176254,1.0275138345747108,0.02154895508028386,,0.4380235005406424,-0.8718134062008641,0.4691468343275137,-0.4362830472076689,-0.43215642701923274,2.0
2041,3.2133660278378775,2.236698329162002,-0.7113153092176254,-1.6669937437057996,-0.42079596245024703,1.2074871212269696,0.4380235005406424,-0.6017039639400813,-0.6216195554839554,-0.4362830472076689,-0.43215642701923274,2.0
2044,0.24916435094983536,-0.7733081045009714,-0.7113153092176254,1.0275138345747108,-0.28140155566541586,,0.4380235005406424,-0.4968853744060462,0.4691468343275137,-0.4362830472076689,-0.43215642701923274,2.0
2053,0.005636772385393636,0.3554443081226437,0.6978942656474816,-0.3197399545655443,-0.4951396460688236,-0.8261753987342423,0.4380235005406424,-0.9242227009678817,-0.6216195554839554,-0.4362830472076689,-0.43215642701923274,2.0
2055,0.6580197546585308,0.3554443081226437,-0.7113153092176254,-0.3197399545655443,-0.2669045373597934,-0.8261753987342423,0.4380235005406424,0.05028386974865332,-0.25803075888013244,3.07383517672918,4.03345998551284,2.0
2108,0.4535920528041831,-0.3970573002930997,2.107103840512589,-1.6669937437057996,-0.31002387385856783,-0.8261753987342423,0.4380235005406424,-0.5613891218116063,0.4691468343275137,-0.4362830472076689,-0.43215642701923274,2.0
2114,-0.8751880092490772,-0.7733081045009714,-0.7113153092176254,1.0275138345747108,0.046825807510599914,-0.8261753987342423,0.4380235005406424,0.918165584303428,-0.6216195554839554,-0.4362830472076689,-0.43215642701923274,1.0
2118,0.9646613074400525,-0.3970573002930997,-0.7113153092176254,-1.6669937437057996,0.9069822269775315,1.2074871212269696,-2.277722202811339,-0.5372002165345212,3.3778572071580983,-0.4362830472076689,-0.43215642701923274,2.0
2120,2.089013667638965,2.236698329162002,2.107103840512589,1.0275138345747108,-0.055489597799913325,1.2074871212269696,0.4380235005406424,-0.1017999215469907,-0.25803075888013244,-0.4362830472076689,-0.43215642701923274,2.0
2151,0.9646613074400525,-0.3970573002930997,2.107103840512589,-1.6669937437057996,-0.4549940569147923,-0.8261753987342423,0.4380235005406424,0.3819781839947099,-0.6216195554839554,2.1486877378621037,1.0563823771581247,2.0
2163,0.9646613074400525,0.3554443081226437,-0.7113153092176254,-0.3197399545655443,-0.42265455454071144,-0.8261753987342423,0.4380235005406424,-0.1017999215469907,-0.25803075888013244,-0.4362830472076689,-0.43215642701923274,2.0
2172,-1.079615711103425,-0.3970573002930997,0.6978942656474816,-1.6669937437057996,-0.6620412157925282,-0.8261753987342423,0.4380235005406424,0.32956888922769234,-0.25803075888013244,-0.4362830472076689,-0.43215642701923274,2.0
2174,0.005636772385393636,-1.1495589087088431,-0.7113153092176254,-0.3197399545655443,-0.17360321441847976,-0.8261753987342423,0.4380235005406424,-0.6057354481529288,4.105034800365744,-0.4362830472076689,-0.43215642701923274,2.0
2199,0.005636772385393636,1.1079459165383871,2.107103840512589,-0.3197399545655443,-0.4230262729588043,,-2.277722202811339,-0.21468147950672084,-0.6216195554839554,-0.4362830472076689,-0.43215642701923274,2.0
2210,0.005636772385393636,0.7316951123305154,-0.7113153092176254,1.0275138345747108,1.1363324909408403,1.2074871212269696,0.4380235005406424,-0.6742706797713364,0.4691468343275137,-0.4362830472076689,-0.43215642701923274,2.0
2219,0.24916435094983536,0.3554443081226437,-0.7113153092176254,-0.3197399545655443,0.5538497297892925,-0.8261753987342423,0.4380235005406424,1.8091235953427267,-0.6216195554839554,-0.4362830472076689,-0.43215642701923274,1.0
2241,-0.05747720183168627,-0.3970573002930997,-0.7113153092176254,-1.6669937437057996,-0.3334421341984195,-0.8261753987342423,0.4380235005406424,-0.6662077113456414,1.1963244275351599,-0.4362830472076689,-0.43215642701923274,2.0
2245,0.35137820187700924,0.3554443081226437,-0.7113153092176254,-0.3197399545655443,-0.4352929807558695,-0.8261753987342423,0.4380235005406424,-0.5815465428758438,-0.6216195554839554,-0.4362830472076689,-0.43215642701923274,2.0
2257,1.373516711148748,-0.3970573002930997,-0.7113153092176254,-0.3197399545655443,-0.33567244470697677,1.2074871212269696,0.4380235005406424,0.14008913122385958,-0.6216195554839554,-0.4362830472076689,-0.43215642701923274,2.0
2273,0.24916435094983536,-0.3970573002930997,-0.7113153092176254,-1.6669937437057996,-0.4821295014355727,-0.8261753987342423,0.4380235005406424,-0.9645375430963568,-0.6216195554839554,-0.4362830472076689,-0.43215642701923274,2.0
2296,-0.9774018601762511,-0.3970573002930997,-0.7113153092176254,-0.3197399545655443,-0.4055555073084388,-0.8261753987342423,0.4380235005406424,1.8413754690455066,-0.25803075888013244,-0.4362830472076689,-0.43215642701923274,1.0
2307,0.555805903731357,-0.7733081045009714,2.107103840512589,1.0275138345747108,0.45683122266704995,1.2074871212269696,0.4380235005406424,-0.8556874693494742,0.10555803772369063,-0.4362830472076689,-0.43215642701923274,2.0
2321,-1.4884711148121206,-1.1495589087088431,,-0.3197399545655443,-0.4579678042595353,-0.8261753987342423,0.4380235005406424,1.1721490897128208,-0.25803075888013244,-0.4362830472076689,-0.43215642701923274,1.0
2354,0.005636772385393636,-0.7733081045009714,0.6978942656474816,-0.3197399545655443,-0.055489597799913325,1.2074871212269696,0.4380235005406424,-0.48479092176750366,0.4691468343275137,-0.4362830472076689,-0.43215642701923274,2.0
2359,-0.5685464564675556,-1.1495589087088431,0.6978942656474816,-0.3197399545655443,-0.3230340184918188,-0.8261753987342423,0.4380235005406424,-0.9564745746706618,2.650679613950452,1.4502921222467615,1.0563823771581247,2.0
2361,-0.46633260554038175,-1.1495589087088431,2.107103840512589,-0.3197399545655443,-0.2802864004111372,-0.8261753987342423,0.4380235005406424,-0.21468147950672084,-0.6216195554839554,-0.4362830472076689,-0.43215642701923274,2.0
2369,0.35137820187700924,0.7316951123305154,-0.7113153092176254,-0.3197399545655443,-0.45276374640623496,-0.8261753987342423,0.4380235005406424,0.007050152199891926,-0.6216195554839554,-0.4362830472076689,-0.43215642701923274,2.0
2373,-1.3862572638849466,-0.3970573002930997,-0.7113153092176254,-0.3197399545655443,-0.47506685149180794,-0.8261753987342423,0.4380235005406424,-0.22677593214526337,-0.6216195554839554,-0.4362830472076689,-0.43215642701923274,2.0
2378,-0.26190490368603403,-0.3970573002930997,-0.7113153092176254,-0.3197399545655443,0.05686220479910775,-0.8261753987342423,0.4380235005406424,-0.7226484903255065,1.1963244275351599,-0.4362830472076689,-0.43215642701923274,2.0
2385,0.555805903731357,-1.1495589087088431,-0.7113153092176254,-0.3197399545655443,0.7608968886670283,-0.8261753987342423,-2.277722202811339,-0.5573576375987588,-0.25803075888013244,-0.4362830472076689,-0.43215642701923274,2.0
2386,-0.8751880092490772,0.3554443081226437,-0.7113153092176254,1.0275138345747108,5.838198761397718,-0.8261753987342423,0.4380235005406424,-0.7831207535182191,-0.6216195554839554,-0.4362830472076689,-0.43215642701923274,2.0
2390,0.005636772385393636,2.236698329162002,0.6978942656474816,-0.3197399545655443,-0.3419916578145558,1.2074871212269696,-2.277722202811339,-0.07357953205705817,-0.25803075888013244,-0.4362830472076689,-0.43215642701923274,2.0
2403,0.04473664909548761,0.3554443081226437,-0.7113153092176254,-0.3197399545655443,-0.4230262729588043,-0.8261753987342423,0.4380235005406424,-0.9242227009678817,-0.25803075888013244,-0.4362830472076689,-0.43215642701923274,2.0
2409,-0.9774018601762511,1.1079459165383871,0.6978942656474816,-0.3197399545655443,0.1349230725986132,1.2074871212269696,0.4380235005406424,-0.19452405844248333,-0.25803075888013244,-0.4362830472076689,-0.43215642701923274,2.0
2441,-0.5685464564675556,1.1079459165383871,-0.7113153092176254,-0.3197399545655443,-0.1223060727216619,-0.8261753987342423,0.4380235005406424,-0.18646109001678832,-0.6216195554839554,-0.4362830472076689,-0.43215642701923274,2.0
2444,0.005636772385393636,-0.7733081045009714,-0.7113153092176254,-0.3197399545655443,-0.20891646413730366,-0.8261753987342423,0.4380235005406424,0.14008913122385958,-0.25803075888013244,3.336867291701192,1.0563823771581247,2.0
2457,0.8624474565128786,-1.525809712916715,2.107103840512589,-0.3197399545655443,-0.46614560945757877,1.2074871212269696,0.4380235005406424,0.11993171015962206,-0.25803075888013244,-0.4362830472076689,-0.43215642701923274,2.0
2458,0.555805903731357,1.1079459165383871,-0.7113153092176254,-0.3197399545655443,-0.46651732787567163,-0.8261753987342423,-2.277722202811339,-0.5009168586188937,1.1963244275351599,-0.4362830472076689,-0.43215642701923274,2.0
2471,-1.9995403694479899,1.4841967207462587,0.6978942656474816,-0.3197399545655443,0.4467948253785421,1.2074871212269696,0.4380235005406424,0.7931895737051554,-0.25803075888013244,-0.08255020293496321,2.544921181335482,1.0
2487,-1.079615711103425,2.236698329162002,2.107103840512589,1.0275138345747108,-0.427115175557826,1.2074871212269696,0.4380235005406424,0.5351745840829151,2.287090817346629,-0.4362830472076689,-0.43215642701923274,2.0
2489,1.373516711148748,2.236698329162002,-0.7113153092176254,-1.6669937437057996,-0.837120590714276,1.2074871212269696,-2.277722202811339,0.05028386974865332,-0.6216195554839554,-0.4362830472076689,-0.43215642701923274,2.0
2495,-0.36411875461320786,-0.020806496085228006,0.6978942656474816,1.0275138345747108,-0.13717480944537722,-0.8261753987342423,0.4380235005406424,0.031239057476976955,-0.6216195554839554,-0.4362830472076689,-0.43215642701923274,2.0
2509,-0.05747720183168627,-0.3970573002930997,-0.7113153092176254,-1.6669937437057996,-0.055489597799913325,-0.8261753987342423,0.4380235005406424,-0.08164250048275318,0.10555803772369063,-0.4362830472076689,-0.43215642701923274,2.0
2518,-1.181829562030599,0.3554443081226437,0.6978942656474816,-0.3197399545655443,-0.4129898756702965,1.2074871212269696,0.4380235005406424,-0.343688974317841,0.4691468343275137,-0.4362830472076689,-0.43215642701923274,2.0
2527,-0.5685464564675556,-1.1495589087088431,0.6978942656474816,-0.3197399545655443,-0.33009666843558355,-0.8261753987342423,-2.277722202811339,-0.7065225534741164,-0.25803075888013244,-0.4362830472076689,-0.43215642701923274,2.0
2529,0.6580197546585308,-0.7733081045009714,0.6978942656474816,1.0275138345747108,-0.17471836967275842,1.2074871212269696,0.4380235005406424,-0.5130113112574362,-0.6216195554839554,0.5795651209601014,1.0563823771581247,2.0
2530,-0.8751880092490772,-0.7733081045009714,0.6978942656474816,1.0275138345747108,-0.055489597799913325,1.2074871212269696,0.4380235005406424,-0.8032781745824565,0.4691468343275137,-0.4362830472076689,-0.43215642701923274,2.0
2538,0.24916435094983536,-0.7733081045009714,-0.7113153092176254,-0.3197399545655443,-1.1270609568267247,-0.8261753987342423,0.4380235005406424,-0.13808327946261825,-0.6216195554839554,-0.4362830472076689,-0.43215642701923274,2.0
2560,0.24916435094983536,-0.3970573002930997,-0.7113153092176254,-0.3197399545655443,-0.414476749342668,-0.8261753987342423,0.4380235005406424,-0.44044459542618114,0.10555803772369063,2.810803061757168,1.0563823771581247,2.0
2582,-0.9774018601762511,-0.3970573002930997,-0.7113153092176254,-0.3197399545655443,-0.4746951330737151,-0.8261753987342423,0.4380235005406424,0.32956888922769234,-0.25803075888013244,-0.4362830472076689,-0.43215642701923274,2.0
2598,-0.5685464564675556,-0.3970573002930997,0.6978942656474816,-1.6669937437057996,-0.3416199393964629,,0.4380235005406424,-0.14211476367546574,-0.6216195554839554,1.577273143267733,1.0563823771581247,2.0
2600,0.35137820187700924,-0.7733081045009714,2.107103840512589,1.0275138345747108,-0.12156263588547613,1.2074871212269696,0.4380235005406424,-0.718617006112659,-0.6216195554839554,-0.4362830472076689,-0.43215642701923274,2.0
2603,-1.5906849657392943,-0.7733081045009714,0.6978942656474816,1.0275138345747108,-0.4810143461812941,1.2074871212269696,0.4380235005406424,0.6037098157013226,-0.25803075888013244,-0.4362830472076689,-0.43215642701923274,1.0
2604,1.5779444130030957,-0.7733081045009714,-0.7113153092176254,2.374767623714966,-0.055489597799913325,1.2074871212269696,0.4380235005406424,1.3414714266524161,-0.6216195554839554,-0.4362830472076689,-0.43215642701923274,1.0
2617,-0.05747720183168627,-1.1495589087088431,-0.7113153092176254,-0.3197399545655443,-0.414476749342668,1.2074871212269696,0.4380235005406424,-0.7307114587512015,2.287090817346629,-0.4362830472076689,-0.43215642701923274,2.0
2625,0.04473664909548761,-0.3970573002930997,-0.7113153092176254,-1.6669937437057996,0.3066569817575252,-0.8261753987342423,0.4380235005406424,-0.6702391955584889,-0.25803075888013244,-0.4362830472076689,-0.43215642701923274,2.0
2628,-1.079615711103425,-0.3970573002930997,2.107103840512589,-0.3197399545655443,-0.6460573238145342,-0.8261753987342423,0.4380235005406424,-0.2832167111251284,0.8327356309313367,-0.4362830472076689,-0.43215642701923274,2.0
2643,1.4757305620759218,2.236698329162002,2.107103840512589,-0.3197399545655443,-0.39923629420085976,1.2074871212269696,-2.277722202811339,-0.9080967641164917,-0.6216195554839554,-0.4362830472076689,-0.43215642701923274,2.0
2660,-0.9774018601762511,-1.525809712916715,-0.7113153092176254,-0.3197399545655443,-0.4776688804184581,-0.8261753987342423,0.4380235005406424,1.0028267527732257,0.4691468343275137,-0.4362830472076689,-0.43215642701923274,1.0
2670,0.4535920528041831,1.1079459165383871,-0.7113153092176254,-0.3197399545655443,-0.055489597799913325,-0.8261753987342423,-2.277722202811339,-0.05342211099282065,-0.25803075888013244,1.9219359146103692,1.0563823771581247,2.0
2672,-0.26190490368603403,-1.1495589087088431,-0.7113153092176254,-0.3197399545655443,-0.4981133934135667,1.2074871212269696,0.4380235005406424,-0.9000337956907967,-0.6216195554839554,-0.4362830472076689,-0.43215642701923274,2.0
2696,1.373516711148748,-0.7733081045009714,2.107103840512589,1.0275138345747108,3.148444288077616,-0.8261753987342423,0.4380235005406424,-0.6017039639400813,-0.25803075888013244,0.43444395407899133,2.544921181335482,2.0
2698,0.005636772385393636,-0.7733081045009714,,1.0275138345747108,-0.2189528614258115,1.2074871212269696,0.4380235005406424,-0.3477204585306885,-0.6216195554839554,-0.4362830472076689,-0.43215642701923274,2.0
2723,0.005636772385393636,0.3554443081226437,0.6978942656474816,1.0275138345747108,3.18375753779644,-0.8261753987342423,0.4380235005406424,0.05028386974865332,0.8327356309313367,-0.4362830472076689,-0.43215642701923274,2.0
2726,-1.079615711103425,-0.7733081045009714,-0.7113153092176254,-0.3197399545655443,0.030470197114513056,-0.8261753987342423,0.4380235005406424,-0.4968853744060462,0.4691468343275137,-0.4362830472076689,-0.43215642701923274,2.0
2735,0.555805903731357,0.7316951123305154,-0.7113153092176254,1.0275138345747108,-0.30742184493191765,-0.8261753987342423,0.4380235005406424,-0.25499632163519587,0.4691468343275137,-0.4362830472076689,-0.43215642701923274,2.0
2743,0.005636772385393636,0.3554443081226437,-0.7113153092176254,-0.3197399545655443,-0.41596362301503953,1.2074871212269696,-2.277722202811339,-0.29531116376367095,1.1963244275351599,-0.4362830472076689,-0.43215642701923274,2.0
2745,0.005636772385393636,-0.7733081045009714,-0.7113153092176254,1.0275138345747108,0.13789681994335626,-0.8261753987342423,0.4380235005406424,1.2648732266083134,-0.25803075888013244,2.8017329888270988,1.0563823771581247,1.0
2753,0.005636772385393636,-0.7733081045009714,-0.7113153092176254,1.0275138345747108,-0.42860204923019757,-0.8261753987342423,0.4380235005406424,0.05028386974865332,-0.6216195554839554,-0.4362830472076689,-0.43215642701923274,2.0
2761,0.005636772385393636,-0.3970573002930997,2.107103840512589,-0.3197399545655443,-0.055489597799913325,-0.8261753987342423,0.4380235005406424,0.9060711316648855,-0.6216195554839554,-0.4362830472076689,-0.43215642701923274,1.0
2765,0.005636772385393636,2.236698329162002,-0.7113153092176254,-0.3197399545655443,-0.21969629826199727,-0.8261753987342423,-2.277722202811339,0.6359616894041027,0.8327356309313367,-0.4362830472076689,-0.43215642701923274,1.0
2768,1.2713028602215741,-1.1495589087088431,-0.7113153092176254,-0.3197399545655443,-0.4453293780443773,-0.8261753987342423,0.4380235005406424,-0.2509648374223484,-0.6216195554839554,-0.4362830472076689,-0.43215642701923274,2.0
2785,-0.05747720183168627,0.3554443081226437,-0.7113153092176254,-0.3197399545655443,-0.4438425043720058,1.2074871212269696,0.4380235005406424,-0.8758448904137116,1.1963244275351599,-0.4362830472076689,-0.43215642701923274,2.0
2794,0.24916435094983536,-0.3970573002930997,-0.7113153092176254,-0.3197399545655443,-0.40704238098081036,-0.8261753987342423,0.4380235005406424,-0.8516559851366267,-0.6216195554839554,-0.4362830472076689,-0.43215642701923274,2.0
2798,-0.5685464564675556,-0.3970573002930997,-0.7113153092176254,-0.3197399545655443,-0.4256283018854545,-0.8261753987342423,0.4380235005406424,-0.5896095113015388,0.10555803772369063,-0.4362830472076689,-0.43215642701923274,2.0
2799,0.14695050002266147,-0.7733081045009714,-0.7113153092176254,1.0275138345747108,0.5947387557795096,1.2074871212269696,0.4380235005406424,-0.08970546890844819,-0.6216195554839554,-0.4362830472076689,-0.43215642701923274,2.0
2811,0.24916435094983536,-0.3970573002930997,-0.7113153092176254,-1.6669937437057996,-0.42823033081210465,-0.8261753987342423,0.4380235005406424,0.5069541945929825,-0.6216195554839554,-0.4362830472076689,-0.43215642701923274,2.0
2820,0.005636772385393636,-0.7733081045009714,-0.7113153092176254,1.0275138345747108,-0.06320284424489349,-0.8261753987342423,0.4380235005406424,-0.8032781745824565,0.8327356309313367,-0.4362830472076689,-0.43215642701923274,2.0
2835,-0.46633260554038175,-0.7733081045009714,-0.7113153092176254,1.0275138345747108,-0.29627029238913116,-0.8261753987342423,0.4380235005406424,-0.1904925742296358,0.8327356309313367,-0.4362830472076689,-0.43215642701923274,2.0
2837,0.14695050002266147,-0.3970573002930997,-0.7113153092176254,-0.3197399545655443,-0.21820942458962572,-0.8261753987342423,-2.277722202811339,4.054660301898787,-0.25803075888013244,0.6793359231908644,2.544921181335482,1.0
2841,-0.9774018601762511,0.3554443081226437,0.6978942656474816,1.0275138345747108,-0.20259725102972465,-0.8261753987342423,0.4380235005406424,-0.05745359520566815,-0.6216195554839554,-0.4362830472076689,-0.43215642701923274,2.0
2844,0.4535920528041831,1.1079459165383871,-0.7113153092176254,-0.3197399545655443,-0.4735799778194364,-0.8261753987342423,0.4380235005406424,-0.9363171536064242,3.014268410554275,-0.4362830472076689,-0.43215642701923274,2.0
2853,-0.8751880092490772,0.3554443081226437,-0.7113153092176254,-0.3197399545655443,-0.1304838779197053,-0.8261753987342423,0.4380235005406424,0.6238672367655602,-0.25803075888013244,-0.4362830472076689,-0.43215642701923274,1.0
2866,-0.5685464564675556,1.1079459165383871,-0.7113153092176254,-0.3197399545655443,-0.055489597799913325,-0.8261753987342423,-2.277722202811339,-0.6097669323657763,-0.25803075888013244,-0.4362830472076689,-0.43215642701923274,2.0
2869,0.7602336055857047,-1.1495589087088431,-0.7113153092176254,-0.3197399545655443,-0.46763248312995026,-0.8261753987342423,0.4380235005406424,-0.3638463953820785,0.10555803772369063,-0.4362830472076689,-0.43215642701923274,2.0
2896,3.9288629843280947,2.236698329162002,-0.7113153092176254,-1.6669937437057996,0.097379512371232,1.2074871212269696,0.4380235005406424,0.3174744365891498,-0.25803075888013244,-0.4362830472076689,-0.43215642701923274,2.0
2916,-0.9774018601762511,1.1079459165383871,0.6978942656474816,-0.3197399545655443,-0.025287565599419408,-0.8261753987342423,0.4380235005406424,-0.4162556901490961,-0.25803075888013244,-0.4362830472076689,-0.43215642701923274,2.0
2926,-0.8751880092490772,-0.3970573002930997,-0.7113153092176254,1.0275138345747108,0.06652688366952271,1.2074871212269696,0.4380235005406424,-0.6218613850043189,0.4691468343275137,-0.4362830472076689,-0.43215642701923274,2.0
2946,0.35137820187700924,1.1079459165383871,-0.7113153092176254,-0.3197399545655443,-0.6222673450565896,-0.8261753987342423,0.4380235005406424,-0.31143710061506097,-0.25803075888013244,-0.4362830472076689,-0.43215642701923274,2.0
2947,-0.15969105275886014,-0.020806496085228006,-0.7113153092176254,1.0275138345747108,-0.4174504966874111,1.2074871212269696,0.4380235005406424,0.10783725752107955,-0.6216195554839554,-0.4362830472076689,-0.43215642701923274,2.0
2954,0.9646613074400525,-1.1495589087088431,-0.7113153092176254,-0.3197399545655443,-0.055489597799913325,1.2074871212269696,-2.277722202811339,1.2608417423954659,0.10555803772369063,-0.4362830472076689,-0.43215642701923274,1.0
2965,0.005636772385393636,-0.3970573002930997,-0.7113153092176254,-1.6669937437057996,0.8553133668626207,-0.8261753987342423,0.4380235005406424,-0.42028717436194357,0.4691468343275137,-0.4362830472076689,-0.43215642701923274,2.0
2975,0.6580197546585308,0.3554443081226437,0.6978942656474816,1.0275138345747108,-0.6828574472057296,-0.8261753987342423,0.4380235005406424,-0.3396574901049935,-0.25803075888013244,-0.4362830472076689,-0.43215642701923274,2.0
2983,0.005636772385393636,2.236698329162002,-0.7113153092176254,-0.3197399545655443,-0.002984460513846422,-0.8261753987342423,0.4380235005406424,-0.31546858482790846,0.10555803772369063,-0.4362830472076689,-0.43215642701923274,2.0
2989,0.04473664909548761,0.7316951123305154,-0.7113153092176254,1.0275138345747108,1.0999040859677378,,0.4380235005406424,-0.1904925742296358,-0.25803075888013244,-0.4362830472076689,-0.43215642701923274,2.0
3012,-0.5685464564675556,-1.1495589087088431,-0.7113153092176254,-0.3197399545655443,-0.4821295014355727,-0.8261753987342423,0.4380235005406424,-0.3235315532536035,9.195277952819266,-0.4362830472076689,-0.43215642701923274,2.0
3013,0.7602336055857047,0.3554443081226437,-0.7113153092176254,1.0275138345747108,-0.2836318661739732,-0.8261753987342423,0.4380235005406424,-0.40416123751055355,-0.25803075888013244,-0.4362830472076689,-0.43215642701923274,2.0
3027,-0.15969105275886014,-0.7733081045009714,-0.7113153092176254,1.0275138345747108,-0.055489597799913325,1.2074871212269696,0.4380235005406424,-0.4243186585747911,-0.6216195554839554,0.4435140270090607,4.03345998551284,2.0
3035,1.373516711148748,-1.525809712916715,-0.7113153092176254,1.0275138345747108,-0.29627029238913116,-0.8261753987342423,0.4380235005406424,-0.11792585839838073,-0.25803075888013244,1.2598205907153046,2.544921181335482,2.0
3038,0.7602336055857047,-1.1495589087088431,-0.7113153092176254,-0.3197399545655443,-0.39589082843802387,-0.8261753987342423,0.4380235005406424,-0.07761101626990567,0.10555803772369063,-0.4362830472076689,-0.43215642701923274,2.0
3043,-0.15969105275886014,-0.3970573002930997,,-1.6669937437057996,0.04125003123920667,-0.8261753987342423,0.4380235005406424,-0.7831207535182191,-0.25803075888013244,2.6021913843655726,1.0563823771581247,2.0
3045,0.005636772385393636,0.3554443081226437,-0.7113153092176254,1.0275138345747108,0.7029088154445385,1.2074871212269696,0.4380235005406424,-0.6460502902814038,-0.25803075888013244,-0.4362830472076689,-0.43215642701923274,2.0
3056,-1.897326518520816,-1.1495589087088431,0.6978942656474816,-0.3197399545655443,-0.4761820067460866,-0.8261753987342423,0.4380235005406424,-0.5694520902373013,0.10555803772369063,-0.4362830472076689,-0.43215642701923274,2.0
3064,0.14695050002266147,-0.7733081045009714,0.6978942656474816,1.0275138345747108,0.1523938382489787,-0.8261753987342423,0.4380235005406424,0.019144604838434442,-0.6216195554839554,3.8720015945752855,1.0563823771581247,2.0
3092,0.4535920528041831,-0.7733081045009714,-0.7113153092176254,1.0275138345747108,-0.2836318661739732,-0.8261753987342423,0.4380235005406424,-0.5936409955143863,0.4691468343275137,2.8924337181277924,1.0563823771581247,2.0
3109,0.005636772385393636,-0.7733081045009714,0.6978942656474816,1.0275138345747108,-0.055489597799913325,1.2074871212269696,-2.277722202811339,0.4747023208902025,0.4691468343275137,-0.4362830472076689,-0.43215642701923274,2.0
3137,0.04473664909548761,-0.3970573002930997,-0.7113153092176254,-0.3197399545655443,-0.34124822097837004,-0.8261753987342423,-2.277722202811339,0.7125598894482053,-0.25803075888013244,-0.4362830472076689,-0.43215642701923274,1.0
3146,-0.9774018601762511,1.8604475249541306,-0.7113153092176254,1.0275138345747108,-0.34533712357739177,-0.8261753987342423,0.4380235005406424,-0.31143710061506097,-0.25803075888013244,-0.4362830472076689,-0.43215642701923274,2.0
3150,0.005636772385393636,0.3554443081226437,-0.7113153092176254,-0.3197399545655443,2.9216960530409577,1.2074871212269696,0.4380235005406424,-0.46866498491611364,0.4691468343275137,-0.4362830472076689,-0.43215642701923274,2.0
3156,-1.897326518520816,1.1079459165383871,0.6978942656474816,-0.3197399545655443,-0.2590984505798429,-0.8261753987342423,0.4380235005406424,-0.766994816666829,-0.6216195554839554,-0.4362830472076689,-0.43215642701923274,2.0
3161,0.005636772385393636,0.3554443081226437,-0.7113153092176254,-0.3197399545655443,-0.271365158376908,-0.8261753987342423,0.4380235005406424,0.8375359000464779,-0.25803075888013244,-0.4362830472076689,-0.43215642701923274,1.0
3171,-1.3862572638849466,-0.3970573002930997,0.6978942656474816,-1.6669937437057996,-0.03235021554318419,-0.8261753987342423,0.4380235005406424,3.058883701325453,6.286567579988682,-0.4362830472076689,-0.43215642701923274,1.0
3175,-0.36411875461320786,1.1079459165383871,2.107103840512589,-0.3197399545655443,-0.42005252561406126,-0.8261753987342423,0.4380235005406424,1.1761805739256683,0.10555803772369063,-0.4362830472076689,-0.43215642701923274,1.0
3193,0.005636772385393636,2.236698329162002,2.107103840512589,-1.6669937437057996,-0.44607281488056305,1.2074871212269696,0.4380235005406424,-0.24290186899665336,-0.6216195554839554,-0.4362830472076689,-0.43215642701923274,2.0
3200,0.005636772385393636,1.4841967207462587,0.6978942656474816,2.374767623714966,0.7478867440337774,-0.8261753987342423,0.4380235005406424,-0.1017999215469907,-0.6216195554839554,-0.4362830472076689,-0.43215642701923274,2.0
3215,-0.15969105275886014,0.3554443081226437,-0.7113153092176254,-0.3197399545655443,-0.4412404754453556,-0.8261753987342423,0.4380235005406424,-0.0010128162258030832,0.10555803772369063,-0.4362830472076689,-0.43215642701923274,2.0
3234,-0.26190490368603403,-0.7733081045009714,0.6978942656474816,1.0275138345747108,0.9333742346621261,1.2074871212269696,0.4380235005406424,-0.6299243534300139,-0.25803075888013244,-0.4362830472076689,-0.43215642701923274,2.0
3256,-0.5685464564675556,-0.7733081045009714,-0.7113153092176254,1.0275138345747108,-0.2940399818805739,1.2074871212269696,0.4380235005406424,-0.15824070052685577,0.10555803772369063,1.223540298995027,4.03345998551284,2.0
3272,0.24916435094983536,-1.1495589087088431,0.6978942656474816,-0.3197399545655443,-0.2754540609759297,-0.8261753987342423,0.4380235005406424,-0.9363171536064242,1.1963244275351599,1.1600497884845415,2.544921181335482,2.0
3283,0.35137820187700924,-0.3970573002930997,-0.7113153092176254,-1.6669937437057996,0.3129761948651042,-0.8261753987342423,0.4380235005406424,-0.4162556901490961,0.4691468343275137,-0.4362830472076689,-0.43215642701923274,2.0
3313,-0.5685464564675556,-1.1495589087088431,-0.7113153092176254,-1.6669937437057996,-0.41150300199792494,1.2074871212269696,0.4380235005406424,0.6399931736169502,-0.6216195554839554,-0.4362830472076689,-0.43215642701923274,1.0
3334,0.4535920528041831,-1.525809712916715,2.107103840512589,-1.6669937437057996,-0.4694910752204147,1.2074871212269696,0.4380235005406424,0.36988373135616737,-0.6216195554839554,-0.4362830472076689,-0.43215642701923274,2.0
3359,-1.6928988166664682,-1.525809712916715,0.6978942656474816,-0.3197399545655443,-0.465402172621393,,-2.277722202811339,0.2570021733964372,-0.6216195554839554,-0.4362830472076689,-0.43215642701923274,2.0
3367,-1.4884711148121206,1.1079459165383871,-0.7113153092176254,-0.3197399545655443,-0.14460917780723487,1.2074871212269696,0.4380235005406424,0.5835523946370851,-0.6216195554839554,-0.4362830472076689,-0.43215642701923274,2.0
3406,0.005636772385393636,1.1079459165383871,0.6978942656474816,-0.3197399545655443,-0.13382934368254126,-0.8261753987342423,-2.277722202811339,-0.24693335320950088,-0.6216195554839554,-0.4362830472076689,-0.43215642701923274,2.0
3446,-0.36411875461320786,-1.1495589087088431,-0.7113153092176254,-0.3197399545655443,2.821332080155879,1.2074871212269696,0.4380235005406424,0.11186874173392705,-0.6216195554839554,0.25304249547760377,1.0563823771581247,2.0
3455,-0.8751880092490772,0.3554443081226437,2.107103840512589,-0.3197399545655443,-0.49105074346980193,1.2074871212269696,-2.277722202811339,-0.5775150586629962,-0.6216195554839554,-0.4362830472076689,-0.43215642701923274,2.0
3457,-1.181829562030599,-0.7733081045009714,0.6978942656474816,1.0275138345747108,1.8132317302879803,-0.8261753987342423,0.4380235005406424,-0.40416123751055355,3.014268410554275,-0.4362830472076689,-0.43215642701923274,2.0
3482,1.7823721148574434,2.236698329162002,-0.7113153092176254,-0.3197399545655443,-0.2639307900150504,-0.8261753987342423,0.4380235005406424,0.8818822263878004,-0.25803075888013244,-0.4362830472076689,-0.43215642701923274,1.0
3506,1.2713028602215741,-0.7733081045009714,-0.7113153092176254,1.0275138345747108,-0.47692544358227235,1.2074871212269696,-2.277722202811339,0.7690006684280704,-0.6216195554839554,-0.4362830472076689,-0.43215642701923274,1.0
3534,0.555805903731357,1.1079459165383871,0.6978942656474816,-0.3197399545655443,0.09589263869886049,-0.8261753987342423,0.4380235005406424,-0.5976724797272338,-0.6216195554839554,2.402649779904046,1.0563823771581247,2.0
3542,-0.5685464564675556,-1.1495589087088431,-0.7113153092176254,-0.3197399545655443,0.17097975915362287,-0.8261753987342423,0.4380235005406424,-0.6178299007914714,-0.6216195554839554,-0.4362830472076689,-0.43215642701923274,2.0
3549,0.555805903731357,-0.3970573002930997,-0.7113153092176254,-1.6669937437057996,-0.36949882075342916,1.2074871212269696,-2.277722202811339,-0.1703351531653983,0.10555803772369063,-0.4362830472076689,-0.43215642701923274,2.0
3553,2.7022967732020082,2.236698329162002,-0.7113153092176254,-0.3197399545655443,6.702444083463672,-0.8261753987342423,0.4380235005406424,-0.013107268864345599,-0.6216195554839554,-0.4362830472076689,-0.43215642701923274,2.0
3554,0.14695050002266147,0.3554443081226437,-0.7113153092176254,-0.3197399545655443,-0.4761820067460866,1.2074871212269696,0.4380235005406424,-0.7629633324539815,-0.6216195554839554,-0.4362830472076689,-0.43215642701923274,2.0
3556,0.7602336055857047,0.3554443081226437,-0.7113153092176254,1.0275138345747108,0.9069822269775315,1.2074871212269696,0.4380235005406424,2.5106018483781924,-0.25803075888013244,-0.4362830472076689,-0.43215642701923274,1.0
3577,-0.9774018601762511,-0.7733081045009714,-0.7113153092176254,1.0275138345747108,-0.055489597799913325,1.2074871212269696,0.4380235005406424,-0.5976724797272338,2.287090817346629,-0.4362830472076689,-0.43215642701923274,2.0
3595,-1.181829562030599,-0.3970573002930997,0.6978942656474816,-0.3197399545655443,-0.31188246594903224,1.2074871212269696,0.4380235005406424,-0.6017039639400813,1.1963244275351599,-0.4362830472076689,-0.43215642701923274,2.0
3598,0.14695050002266147,1.1079459165383871,-0.7113153092176254,-0.3197399545655443,0.7170341153320681,-0.8261753987342423,0.4380235005406424,-0.0977684373341432,0.10555803772369063,-0.4362830472076689,-0.43215642701923274,2.0
3604,-0.5685464564675556,0.3554443081226437,-0.7113153092176254,1.0275138345747108,-0.055489597799913325,1.2074871212269696,0.4380235005406424,-0.4243186585747911,-0.25803075888013244,-0.4362830472076689,-0.43215642701923274,2.0
3609,1.373516711148748,-0.7733081045009714,-0.7113153092176254,1.0275138345747108,-0.055489597799913325,-0.8261753987342423,0.4380235005406424,-0.37594084802062105,-0.25803075888013244,-0.4362830472076689,-0.43215642701923274,2.0
3626,0.005636772385393636,0.3554443081226437,-0.7113153092176254,-0.3197399545655443,-0.43566469917396233,-0.8261753987342423,-2.277722202811339,-0.40012975329770606,-0.6216195554839554,2.375439561113838,2.544921181335482,2.0
3630,0.24916435094983536,0.3554443081226437,2.107103840512589,2.374767623714966,-0.19590631950405274,-0.8261753987342423,0.4380235005406424,0.5835523946370851,-0.6216195554839554,-0.4362830472076689,-0.43215642701923274,2.0
3652,-1.2840434129577727,1.1079459165383871,0.6978942656474816,-0.3197399545655443,-0.471721385728972,-0.8261753987342423,0.4380235005406424,-0.8960023114779492,-0.6216195554839554,2.810803061757168,2.544921181335482,2.0
3656,-0.8751880092490772,1.4841967207462587,0.6978942656474816,2.374767623714966,1.7407466387598682,1.2074871212269696,0.4380235005406424,-0.38803530065916353,-0.25803075888013244,0.7246862878412114,1.0563823771581247,2.0
3664,0.005636772385393636,0.3554443081226437,-0.7113153092176254,-0.3197399545655443,-0.34756743408594903,-0.8261753987342423,0.4380235005406424,0.8657562895364105,-0.6216195554839554,-0.4362830472076689,-0.43215642701923274,1.0
3673,-0.5685464564675556,0.7316951123305154,-0.7113153092176254,1.0275138345747108,-0.34533712357739177,1.2074871212269696,0.4380235005406424,10.146232947511367,0.4691468343275137,-0.4362830472076689,-0.43215642701923274,1.0
3682,0.14695050002266147,-0.7733081045009714,2.107103840512589,1.0275138345747108,-0.2932965450443881,1.2074871212269696,0.4380235005406424,-0.750868879815439,-0.6216195554839554,2.8652234993375845,1.0563823771581247,2.0
3696,-1.079615711103425,-1.1495589087088431,0.6978942656474816,-0.3197399545655443,-0.46651732787567163,-0.8261753987342423,-2.277722202811339,1.0028267527732257,-0.25803075888013244,-0.4362830472076689,-0.43215642701923274,1.0
3709,0.24916435094983536,0.7316951123305154,-0.7113153092176254,-0.3197399545655443,1.9935151630630288,-0.8261753987342423,0.4380235005406424,0.4101985734846424,-0.25803075888013244,-0.4362830472076689,-0.43215642701923274,2.0
3722,-1.2840434129577727,-0.020806496085228006,-0.7113153092176254,-0.3197399545655443,-0.5062911986116101,-0.8261753987342423,0.4380235005406424,0.21265584705511467,-0.25803075888013244,-0.4362830472076689,-0.43215642701923274,2.0
3725,0.7602336055857047,-1.525809712916715,-0.7113153092176254,-1.6669937437057996,-0.6207804713842181,-0.8261753987342423,0.4380235005406424,-0.9161597325421867,-0.6216195554839554,-0.4362830472076689,-0.43215642701923274,2.0
3726,0.35137820187700924,0.3554443081226437,-0.7113153092176254,2.374767623714966,-0.3022177870786173,-0.8261753987342423,0.4380235005406424,-0.4243186585747911,-0.6216195554839554,-0.4362830472076689,-0.43215642701923274,2.0
3729,0.04473664909548761,0.7316951123305154,-0.7113153092176254,-1.6669937437057996,-0.42265455454071144,1.2074871212269696,0.4380235005406424,-0.6379873218557088,-0.25803075888013244,-0.4362830472076689,-0.43215642701923274,2.0
3731,1.0668751583672262,2.236698329162002,-0.7113153092176254,-0.3197399545655443,-0.32043198956516855,1.2074871212269696,0.4380235005406424,-0.44044459542618114,-0.6216195554839554,0.9695782569530845,1.0563823771581247,2.0
3732,0.005636772385393636,-0.3970573002930997,0.6978942656474816,-0.3197399545655443,-0.44867484380721323,1.2074871212269696,-2.277722202811339,-0.5976724797272338,-0.6216195554839554,-0.4362830472076689,-0.43215642701923274,2.0
3744,-1.5906849657392943,1.1079459165383871,0.6978942656474816,-0.3197399545655443,-0.3587189866287355,-0.8261753987342423,0.4380235005406424,-0.04132765835427813,1.559913224138983,-0.4362830472076689,-0.43215642701923274,2.0
3750,3.8266491334009207,2.236698329162002,2.107103840512589,2.374767623714966,0.49883540391154574,1.2074871212269696,0.4380235005406424,-0.13002031103692324,1.559913224138983,3.6543198442536204,1.0563823771581247,2.0
3751,-0.26190490368603403,0.3554443081226437,-0.7113153092176254,-0.3197399545655443,-0.43492126233777656,1.2074871212269696,0.4380235005406424,-0.6984595850484214,-0.25803075888013244,0.42537388114892194,4.03345998551284,2.0
3756,0.04473664909548761,-1.1495589087088431,-0.7113153092176254,-0.3197399545655443,-0.44235563069963424,-0.8261753987342423,0.4380235005406424,-0.05745359520566815,0.10555803772369063,2.656611821945989,1.0563823771581247,2.0
3758,-1.079615711103425,-0.3970573002930997,-0.7113153092176254,-0.3197399545655443,-0.3025895054967102,-0.8261753987342423,0.4380235005406424,2.6396093431893126,-0.25803075888013244,-0.4362830472076689,-0.43215642701923274,1.0
3774,0.005636772385393636,-0.3970573002930997,-0.7113153092176254,-0.3197399545655443,0.00444990784801124,,0.4380235005406424,0.05028386974865332,-0.6216195554839554,-0.4362830472076689,-0.43215642701923274,2.0
3795,-0.26190490368603403,-1.1495589087088431,-0.7113153092176254,-0.3197399545655443,1.6522776552537621,-0.8261753987342423,0.4380235005406424,-0.31143710061506097,-0.25803075888013244,-0.4362830472076689,-0.43215642701923274,2.0
3797,-1.181829562030599,0.3554443081226437,0.6978942656474816,1.0275138345747108,0.3862047232294022,,0.4380235005406424,0.07155389960545201,0.10555803772369063,1.7586746018691204,2.544921181335482,2.0
3799,-1.079615711103425,-0.3970573002930997,-0.7113153092176254,-0.3197399545655443,0.14049884887000644,-0.8261753987342423,0.4380235005406424,-0.37997233223346855,-0.6216195554839554,1.223540298995027,4.03345998551284,2.0
3829,-0.05747720183168627,1.1079459165383871,2.107103840512589,-0.3197399545655443,-0.6137178214404533,-0.8261753987342423,0.4380235005406424,-0.10583140575983821,2.650679613950452,-0.4362830472076689,-0.43215642701923274,2.0
3845,-1.079615711103425,-0.3970573002930997,-0.7113153092176254,-0.3197399545655443,0.0776784362123092,-0.8261753987342423,-2.277722202811339,-0.37594084802062105,0.10555803772369063,-0.4362830472076689,-0.43215642701923274,2.0
3846,0.7602336055857047,1.1079459165383871,-0.7113153092176254,-0.3197399545655443,-0.33641588154316254,1.2074871212269696,0.4380235005406424,1.0149212054117682,-0.25803075888013244,-0.4362830472076689,-0.43215642701923274,1.0
3848,-1.5906849657392943,-0.7733081045009714,0.6978942656474816,1.0275138345747108,-0.004471334186217955,-0.8261753987342423,0.4380235005406424,-0.2509648374223484,-0.6216195554839554,0.33467315184822816,1.0563823771581247,2.0
3871,-1.181829562030599,-1.525809712916715,-0.7113153092176254,-0.3197399545655443,-0.4252565834673616,-0.8261753987342423,0.4380235005406424,0.39407263663325237,0.4691468343275137,-0.4362830472076689,-0.43215642701923274,2.0
3875,-1.4884711148121206,1.8604475249541306,-0.7113153092176254,-0.3197399545655443,1.3240502920777464,-0.8261753987342423,-2.277722202811339,-0.686365132409879,0.10555803772369063,-0.4362830472076689,-0.43215642701923274,2.0
3881,0.24916435094983536,0.3554443081226437,0.6978942656474816,-0.3197399545655443,0.14607462514139968,1.2074871212269696,0.4380235005406424,1.8776588269611343,-0.6216195554839554,-0.4362830472076689,-0.43215642701923274,1.0
3882,-0.36411875461320786,-0.7733081045009714,-0.7113153092176254,1.0275138345747108,-0.03272193396127707,-0.8261753987342423,0.4380235005406424,-0.7629633324539815,-0.6216195554839554,-0.4362830472076689,-0.43215642701923274,2.0
3895,-1.079615711103425,0.3554443081226437,-0.7113153092176254,-0.3197399545655443,-0.33827447363362695,-0.8261753987342423,0.4380235005406424,-0.4968853744060462,-0.6216195554839554,-0.4362830472076689,-0.43215642701923274,2.0
3902,1.373516711148748,-0.3970573002930997,-0.7113153092176254,-0.3197399545655443,-0.43677985442824097,-0.8261753987342423,0.4380235005406424,-0.5654206060244538,-0.25803075888013244,-0.4362830472076689,-0.43215642701923274,2.0
3905,0.005636772385393636,-0.3970573002930997,-0.7113153092176254,-0.3197399545655443,-0.055489597799913325,1.2074871212269696,0.4380235005406424,-0.6379873218557088,-0.6216195554839554,-0.4362830472076689,-0.43215642701923274,2.0
3910,0.7602336055857047,1.1079459165383871,-0.7113153092176254,-0.3197399545655443,0.05872079688957217,-0.8261753987342423,0.4380235005406424,-0.775057785092524,-0.6216195554839554,-0.4362830472076689,-0.43215642701923274,2.0
3916,-0.36411875461320786,0.7316951123305154,-0.7113153092176254,1.0275138345747108,-0.055489597799913325,-0.8261753987342423,0.4380235005406424,-0.2711222584865859,0.10555803772369063,-0.4362830472076689,-0.43215642701923274,2.0
3924,0.24916435094983536,-1.1495589087088431,-0.7113153092176254,-0.3197399545655443,0.26130733475019347,-0.8261753987342423,-2.277722202811339,-0.5896095113015388,-0.25803075888013244,-0.4362830472076689,-0.43215642701923274,2.0
3932,-1.6928988166664682,-0.7733081045009714,-0.7113153092176254,1.0275138345747108,-0.5679964560150287,-0.8261753987342423,-2.277722202811339,1.4019436898451285,0.4691468343275137,2.5840512385054337,2.544921181335482,1.0
3938,-0.9774018601762511,-1.1495589087088431,-0.7113153092176254,-0.3197399545655443,-0.41782221510550394,-0.8261753987342423,0.4380235005406424,0.18040397335233463,-0.25803075888013244,-0.4362830472076689,-0.43215642701923274,2.0
3941,1.6801582639302697,-0.3970573002930997,-0.7113153092176254,-1.6669937437057996,-0.055489597799913325,-0.8261753987342423,0.4380235005406424,1.139897216010041,-0.25803075888013244,-0.4362830472076689,-0.43215642701923274,1.0
3946,-1.3862572638849466,1.1079459165383871,-0.7113153092176254,-0.3197399545655443,-0.1308555963377982,-0.8261753987342423,0.4380235005406424,-0.8032781745824565,-0.25803075888013244,-0.4362830472076689,-0.43215642701923274,2.0
3947,0.6580197546585308,-0.3970573002930997,-0.7113153092176254,-0.3197399545655443,-0.4851032487803158,1.2074871212269696,-2.277722202811339,0.07155389960545201,-0.6216195554839554,-0.4362830472076689,-0.43215642701923274,2.0
3959,1.2713028602215741,2.236698329162002,2.107103840512589,-1.6669937437057996,-0.4698627936385076,1.2074871212269696,0.4380235005406424,-0.9242227009678817,0.4691468343275137,-0.4362830472076689,-0.43215642701923274,2.0
3965,1.6801582639302697,2.236698329162002,-0.7113153092176254,-1.6669937437057996,-0.25798329532556424,1.2074871212269696,0.4380235005406424,-0.21468147950672084,1.1963244275351599,-0.4362830472076689,-0.43215642701923274,2.0
3976,0.6580197546585308,-0.7733081045009714,-0.7113153092176254,1.0275138345747108,-0.4828729382717585,-0.8261753987342423,0.4380235005406424,-0.9363171536064242,1.1963244275351599,2.2121782483725894,2.544921181335482,2.0
3983,-0.15969105275886014,0.3554443081226437,2.107103840512589,1.0275138345747108,0.21744456141523325,-0.8261753987342423,0.4380235005406424,-0.758931848241134,-0.6216195554839554,-0.4362830472076689,-0.43215642701923274,2.0
3991,-1.079615711103425,1.1079459165383871,0.6978942656474816,-0.3197399545655443,1.5764470979628138,-0.8261753987342423,0.4380235005406424,-0.48479092176750366,-0.6216195554839554,-0.4362830472076689,-0.43215642701923274,2.0
4001,-0.5685464564675556,0.3554443081226437,-0.7113153092176254,-0.3197399545655443,-0.40704238098081036,1.2074871212269696,0.4380235005406424,-0.7387744271768965,-0.6216195554839554,-0.4362830472076689,-0.43215642701923274,2.0
4005,1.373516711148748,-0.3970573002930997,-0.7113153092176254,-1.6669937437057996,-0.40890097307127476,-0.8261753987342423,0.4380235005406424,-0.4283501427876386,-0.6216195554839554,2.039846862701271,1.0563823771581247,2.0
4006,1.373516711148748,-0.3970573002930997,-0.7113153092176254,-0.3197399545655443,-0.30296122391480307,-0.8261753987342423,0.4380235005406424,-0.7831207535182191,-0.25803075888013244,-0.4362830472076689,-0.43215642701923274,2.0
4009,-0.36411875461320786,1.8604475249541306,2.107103840512589,-0.3197399545655443,-0.4754385699099008,1.2074871212269696,0.4380235005406424,0.011081636412739432,0.10555803772369063,0.9151578193726683,4.03345998551284,2.0
4011,-0.05747720183168627,0.3554443081226437,-0.7113153092176254,-0.3197399545655443,-0.41782221510550394,-0.8261753987342423,0.4380235005406424,-0.44447607963902863,-0.6216195554839554,-0.4362830472076689,-0.43215642701923274,2.0
4013,-0.26190490368603403,0.3554443081226437,-0.7113153092176254,2.374767623714966,-0.1661688460566221,1.2074871212269696,0.4380235005406424,2.309027637735817,-0.25803075888013244,-0.4362830472076689,-0.43215642701923274,1.0
4036,-0.15969105275886014,0.3554443081226437,-0.7113153092176254,-0.3197399545655443,1.1727608959139428,-0.8261753987342423,0.4380235005406424,-0.40012975329770606,-0.25803075888013244,1.2326103719250965,1.0563823771581247,2.0
4037,0.04473664909548761,-0.7733081045009714,2.107103840512589,1.0275138345747108,-0.055489597799913325,1.2074871212269696,0.4380235005406424,-0.4888224059803512,-0.25803075888013244,-0.4362830472076689,-0.43215642701923274,2.0
4051,2.804510624129182,2.236698329162002,-0.7113153092176254,-1.6669937437057996,-0.3743311601886366,1.2074871212269696,0.4380235005406424,-0.9121282483293391,-0.6216195554839554,-0.4362830472076689,-0.43215642701923274,2.0
4055,-1.2840434129577727,-0.7733081045009714,0.6978942656474816,1.0275138345747108,0.1438443146328424,1.2074871212269696,0.4380235005406424,-0.21064999529387335,-0.25803075888013244,1.0149286216034314,2.544921181335482,2.0
4057,-1.3862572638849466,-0.3970573002930997,-0.7113153092176254,-0.3197399545655443,-0.4776688804184581,-0.8261753987342423,-2.277722202811339,-0.48479092176750366,-0.25803075888013244,-0.4362830472076689,-0.43215642701923274,2.0
4067,0.005636772385393636,0.3554443081226437,-0.7113153092176254,-0.3197399545655443,-0.46837591996613603,1.2074871212269696,0.4380235005406424,0.05028386974865332,1.1963244275351599,-0.4362830472076689,-0.43215642701923274,2.0
4085,0.005636772385393636,-0.7733081045009714,-0.7113153092176254,1.0275138345747108,-0.055489597799913325,-0.8261753987342423,0.4380235005406424,0.17234100492663962,0.10555803772369063,-0.4362830472076689,-0.43215642701923274,2.0
4088,0.04473664909548761,-0.3970573002930997,-0.7113153092176254,-1.6669937437057996,-0.46837591996613603,-0.8261753987342423,0.4380235005406424,-0.31143710061506097,-0.25803075888013244,-0.4362830472076689,-0.43215642701923274,2.0
4105,-0.26190490368603403,0.7316951123305154,-0.7113153092176254,-0.3197399545655443,-0.055489597799913325,1.2074871212269696,0.4380235005406424,-0.5815465428758438,1.559913224138983,-0.4362830472076689,-0.43215642701923274,2.0
4137,1.7823721148574434,2.236698329162002,-0.7113153092176254,2.374767623714966,-0.33158354210795504,1.2074871212269696,0.4380235005406424,-0.8234355956466941,-0.25803075888013244,-0.4362830472076689,-0.43215642701923274,2.0
4141,-0.46633260554038175,-0.7733081045009714,-0.7113153092176254,1.0275138345747108,-0.055489597799913325,1.2074871212269696,0.4380235005406424,-0.4968853744060462,0.4691468343275137,0.5432848292398238,1.0563823771581247,2.0
4151,-0.9774018601762511,-1.1495589087088431,0.6978942656474816,-0.3197399545655443,0.4430776411976133,1.2074871212269696,-2.277722202811339,0.5754894262113901,-0.6216195554839554,-0.4362830472076689,-0.43215642701923274,2.0
4162,1.4757305620759218,0.3554443081226437,2.107103840512589,1.0275138345747108,-0.4628001436947428,-0.8261753987342423,0.4380235005406424,-0.9121282483293391,-0.6216195554839554,-0.4362830472076689,-0.43215642701923274,2.0
4165,1.7823721148574434,-0.7733081045009714,-0.7113153092176254,1.0275138345747108,0.22116174559616208,1.2074871212269696,0.4380235005406424,0.05028386974865332,-0.25803075888013244,-0.4362830472076689,-0.43215642701923274,2.0
4205,0.24916435094983536,-1.1495589087088431,2.107103840512589,-0.3197399545655443,-0.055489597799913325,-0.8261753987342423,-2.277722202811339,-0.6258928692171664,-0.6216195554839554,-0.4362830472076689,-0.43215642701923274,2.0
4213,-1.181829562030599,0.3554443081226437,0.6978942656474816,-0.3197399545655443,-0.672077613081036,-0.8261753987342423,-2.277722202811339,1.684147584744454,-0.25803075888013244,2.1668278837222426,1.0563823771581247,1.0
4217,-0.36411875461320786,-1.525809712916715,-0.7113153092176254,1.0275138345747108,0.5672315928406362,-0.8261753987342423,0.4380235005406424,2.3291850588000544,-0.6216195554839554,-0.4362830472076689,-0.43215642701923274,1.0
4220,-0.8751880092490772,-0.3970573002930997,0.6978942656474816,-0.3197399545655443,-0.6326754607631904,,0.4380235005406424,2.0752015533906616,-0.25803075888013244,-0.4362830472076689,-0.43215642701923274,1.0
4240,0.35137820187700924,1.1079459165383871,-0.7113153092176254,-0.3197399545655443,-0.6813705735333581,-0.8261753987342423,0.4380235005406424,-0.15420921631400827,-0.25803075888013244,-0.4362830472076689,-0.43215642701923274,2.0
4250,-0.9774018601762511,-0.7733081045009714,0.6978942656474816,1.0275138345747108,-0.47729716200036526,,0.4380235005406424,-0.6137984165786239,-0.25803075888013244,-0.4362830472076689,-0.43215642701923274,2.0
4261,1.6801582639302697,2.236698329162002,-0.7113153092176254,-0.3197399545655443,0.7791110911535797,1.2074871212269696,-2.277722202811339,0.16830952071379213,-0.25803075888013244,2.375439561113838,1.0563823771581247,2.0
4263,-1.6928988166664682,1.4841967207462587,-0.7113153092176254,1.0275138345747108,-0.4776688804184581,-0.8261753987342423,0.4380235005406424,2.438035132546937,0.4691468343275137,-0.4362830472076689,-0.43215642701923274,1.0
4270,-0.46633260554038175,-0.7733081045009714,2.107103840512589,1.0275138345747108,-0.14498089622532775,1.2074871212269696,-2.277722202811339,0.3658522471433199,-0.25803075888013244,-0.4362830472076689,-0.43215642701923274,2.0
4275,0.005636772385393636,-0.7733081045009714,-0.7113153092176254,1.0275138345747108,-0.47246482256515776,1.2074871212269696,0.4380235005406424,2.6960501221691775,-0.25803075888013244,-0.4362830472076689,-0.43215642701923274,1.0
4282,0.005636772385393636,1.1079459165383871,2.107103840512589,-0.3197399545655443,-0.5713419217778647,1.2074871212269696,0.4380235005406424,1.5672345425718763,-0.6216195554839554,-0.4362830472076689,-0.43215642701923274,1.0
4283,0.4535920528041831,-1.1495589087088431,2.107103840512589,-0.3197399545655443,-0.4761820067460866,-0.8261753987342423,-2.277722202811339,0.21265584705511467,-0.25803075888013244,-0.4362830472076689,-0.43215642701923274,2.0
4298,-1.5906849657392943,1.1079459165383871,0.6978942656474816,-0.3197399545655443,0.8337536986132335,1.2074871212269696,-2.277722202811339,-0.7871522377310666,-0.25803075888013244,-0.4362830472076689,-0.43215642701923274,2.0
4310,-0.5685464564675556,-0.7733081045009714,,1.0275138345747108,0.21038191147146848,,0.4380235005406424,0.44245044718742244,-0.6216195554839554,-0.4362830472076689,-0.43215642701923274,2.0
4312,-1.181829562030599,-1.1495589087088431,0.6978942656474816,-0.3197399545655443,-0.47729716200036526,-0.8261753987342423,0.4380235005406424,0.6117727841270176,1.1963244275351599,2.656611821945989,1.0563823771581247,1.0
4342,0.8624474565128786,-0.3970573002930997,-0.7113153092176254,2.374767623714966,0.370964268087594,-0.8261753987342423,0.4380235005406424,3.369307985714711,5.195801190177214,-0.4362830472076689,-0.43215642701923274,1.0
4352,0.555805903731357,-0.3970573002930997,-0.7113153092176254,-1.6669937437057996,0.5040394617648462,1.2074871212269696,0.4380235005406424,0.2328132681193522,-0.25803075888013244,-0.4362830472076689,-0.43215642701923274,2.0
4368,1.2713028602215741,-1.1495589087088431,2.107103840512589,-0.3197399545655443,-0.4364081360101481,-0.8261753987342423,0.4380235005406424,-0.8839078588394067,0.10555803772369063,1.1600497884845415,2.544921181335482,2.0
4374,0.35137820187700924,-1.1495589087088431,2.107103840512589,-1.6669937437057996,0.9545621844934205,-0.8261753987342423,0.4380235005406424,-0.9766319957348992,0.10555803772369063,-0.4362830472076689,-0.43215642701923274,2.0
4384,1.0668751583672262,-0.7733081045009714,0.6978942656474816,1.0275138345747108,-0.4765537251641795,1.2074871212269696,-2.277722202811339,-0.8960023114779492,2.287090817346629,-0.4362830472076689,-0.43215642701923274,2.0
4407,0.35137820187700924,1.1079459165383871,2.107103840512589,-0.3197399545655443,-0.4561092121690709,-0.8261753987342423,0.4380235005406424,2.502538879952497,1.923502020742806,-0.4362830472076689,-0.43215642701923274,1.0
4426,-0.05747720183168627,1.1079459165383871,,1.0275138345747108,0.09291889135411742,1.2074871212269696,0.4380235005406424,-0.799246690369609,-0.25803075888013244,-0.4362830472076689,-0.43215642701923274,2.0
4441,-0.36411875461320786,-0.7733081045009714,-0.7113153092176254,1.0275138345747108,4.3085774709455045,1.2074871212269696,0.4380235005406424,-0.5412317007473687,0.10555803772369063,-0.4362830472076689,-0.43215642701923274,2.0
4442,-0.26190490368603403,-0.3970573002930997,-0.7113153092176254,-1.6669937437057996,-0.42005252561406126,-0.8261753987342423,0.4380235005406424,0.18846694177802964,-0.25803075888013244,-0.4362830472076689,-0.43215642701923274,2.0
4446,-1.9995403694479899,1.4841967207462587,0.6978942656474816,-0.3197399545655443,-0.3865978679857018,-0.8261753987342423,0.4380235005406424,-0.9161597325421867,-0.6216195554839554,-0.4362830472076689,-0.43215642701923274,2.0
4448,0.24916435094983536,-1.525809712916715,-0.7113153092176254,-0.3197399545655443,-0.465402172621393,-0.8261753987342423,0.4380235005406424,-0.4968853744060462,-0.25803075888013244,-0.4362830472076689,-0.43215642701923274,2.0
4460,-0.15969105275886014,0.3554443081226437,-0.7113153092176254,-0.3197399545655443,-0.6252410924013327,-0.8261753987342423,0.4380235005406424,-0.5049483428317412,-0.6216195554839554,-0.4362830472076689,-0.43215642701923274,2.0
4470,-1.079615711103425,0.3554443081226437,0.6978942656474816,1.0275138345747108,-0.044616923340249325,-0.8261753987342423,0.4380235005406424,-0.1824296058039408,-0.6216195554839554,-0.4362830472076689,-0.43215642701923274,2.0
4471,1.7823721148574434,-0.7733081045009714,-0.7113153092176254,2.374767623714966,0.8356122907036979,1.2074871212269696,0.4380235005406424,-0.14614624788831326,0.4691468343275137,-0.4362830472076689,-0.43215642701923274,2.0
4473,-0.8751880092490772,0.3554443081226437,-0.7113153092176254,-0.3197399545655443,-0.29998747657006003,-0.8261753987342423,0.4380235005406424,-0.46463350070326614,-0.6216195554839554,2.039846862701271,1.0563823771581247,2.0
4477,-0.9774018601762511,-0.7733081045009714,0.6978942656474816,1.0275138345747108,-0.26355907159695746,1.2074871212269696,0.4380235005406424,-0.6097669323657763,-0.25803075888013244,-0.4362830472076689,-0.43215642701923274,2.0
4482,0.4535920528041831,1.1079459165383871,-0.7113153092176254,-0.3197399545655443,-0.3048198160052675,-0.8261753987342423,0.4380235005406424,0.05028386974865332,-0.6216195554839554,-0.4362830472076689,-0.43215642701923274,2.0
